Frequency,Date,ETF Index,Underlying Index
Daily,02/06/2009,60,1361.36
Daily,03/06/2009,56.41,1338
Daily,04/06/2009,57.27,1328.86
Daily,05/06/2009,55.72,1321.77
Daily,08/06/2009,55.48,1304.66
Daily,09/06/2009,56.84,1318.51
Daily,10/06/2009,57.05,1337.32
Daily,11/06/2009,59,1352.63
Daily,12/06/2009,58.38,1347.5
Daily,15/06/2009,54.2,1310.36
Daily,16/06/2009,52.94,1304.56
Daily,17/06/2009,53.23,1289.03
Daily,18/06/2009,53.05,1293.36
Daily,19/06/2009,54.72,1305.8
Daily,22/06/2009,51.2,1281.22
Daily,23/06/2009,52.55,1274.95
Daily,24/06/2009,52.64,1299.09
Daily,25/06/2009,54.86,1288.25
Daily,26/06/2009,54.74,1305.82
Daily,29/06/2009,55.56,1313.93
Daily,30/06/2009,54.26,1307.16
Daily,01/07/2009,56.09,1325.58
Daily,02/07/2009,52.78,1295.15
Daily,06/07/2009,52.79,1276.06
Daily,07/07/2009,50.4,1272.48
Daily,08/07/2009,49.75,1251.65
Daily,09/07/2009,51.2,1261.18
Daily,10/07/2009,50,1251.92
Daily,13/07/2009,51.75,1256.96
Daily,14/07/2009,52.3,1277.72
Daily,15/07/2009,55.87,1310.08
Daily,16/07/2009,56.85,1320.25
Daily,17/07/2009,56.41,1325.05
Daily,20/07/2009,58.62,1344.06
Daily,21/07/2009,59.36,1364.11
Daily,22/07/2009,59.64,1367.1
Daily,23/07/2009,61.64,1385.79
Daily,24/07/2009,62.46,1387.3
Daily,27/07/2009,62.51,1396.42
Daily,28/07/2009,61.98,1391.68
Daily,29/07/2009,61.02,1387.03
Daily,30/07/2009,63.35,1410.91
Daily,31/07/2009,65.28,1425.4
Daily,03/08/2009,68.34,1460.58
Daily,04/08/2009,68.03,1457.14
Daily,05/08/2009,67.6,1446.87
Daily,06/08/2009,66.65,1452.56
Daily,07/08/2009,66.64,1445.18
Daily,10/08/2009,65.76,1442.28
Daily,11/08/2009,64.87,1434.22
Daily,12/08/2009,66.47,1442.24
Daily,13/08/2009,68.41,1464.94
Daily,14/08/2009,67.2,1458.43
Daily,17/08/2009,62.87,1414.91
Daily,18/08/2009,65.06,1429.09
Daily,19/08/2009,66.03,1434.32
Daily,20/08/2009,67.17,1453.66
Daily,21/08/2009,69.94,1473.47
Daily,24/08/2009,69.9,1495.06
Daily,25/08/2009,71.12,1499.02
Daily,26/08/2009,70.65,1489.98
Daily,27/08/2009,71.74,1483.19
Daily,28/08/2009,71.84,1507.41
Daily,31/08/2009,70.71,1498.97
Daily,01/09/2009,67.16,1478.25
Daily,02/09/2009,67.09,1462.06
Daily,03/09/2009,68.21,1461.47
Daily,04/09/2009,70.28,1471.12
Daily,08/09/2009,73.07,1520.64
Daily,09/09/2009,74.8,1533.49
Daily,10/09/2009,76.25,1541.09
Daily,11/09/2009,76.01,1552.94
Daily,14/09/2009,76.36,1541.27
Daily,15/09/2009,76.41,1538
Daily,16/09/2009,79.4,1565.24
Daily,17/09/2009,78.28,1580.58
Daily,18/09/2009,78.81,1571.51
Daily,21/09/2009,77.22,1553.61
Daily,22/09/2009,79.49,1575.24
Daily,23/09/2009,78.05,1577.08
Daily,24/09/2009,75.63,1554.09
Daily,25/09/2009,75.03,1542.95
Daily,28/09/2009,77.02,1549.41
Daily,29/09/2009,76.1,1545.54
Daily,30/09/2009,76.18,1552.84
Daily,01/10/2009,72.02,1524.76
Daily,02/10/2009,70.49,1496.75
Daily,05/10/2009,72.46,1502.49
Daily,06/10/2009,75.02,1541.1
Daily,07/10/2009,75.53,1539.76
Daily,08/10/2009,77.78,1567.44
Daily,09/10/2009,77.43,1563.81
Daily,12/10/2009,78.32,1573.34
Daily,13/10/2009,77.98,1566.93
Daily,14/10/2009,81.81,1596.36
Daily,15/10/2009,82.31,1602.32
Daily,16/10/2009,79.89,1586.15
Daily,19/10/2009,82.47,1611.26
Daily,20/10/2009,81.38,1610.48
Daily,21/10/2009,80.84,1617.99
Daily,22/10/2009,82.56,1600.6
Daily,23/10/2009,79.86,1593.8
Daily,26/10/2009,77.43,1576.87
Daily,27/10/2009,76.31,1561.43
Daily,28/10/2009,72.63,1532.75
Daily,29/10/2009,77.21,1548.82
Daily,30/10/2009,71.92,1532.74
Daily,02/11/2009,73.21,1531.92
Daily,03/11/2009,72.73,1509.49
Daily,04/11/2009,74.01,1538.62
Daily,05/11/2009,75.98,1545.48
Daily,06/11/2009,76.34,1553.06
Daily,09/11/2009,80.58,1587.02
Daily,10/11/2009,79.76,1584.77
Daily,11/11/2009,80.13,1591.18
Daily,12/11/2009,77.88,1581.11
Daily,13/11/2009,79.98,1587.96
Daily,16/11/2009,82.52,1612.39
Daily,17/11/2009,81.41,1594.39
Daily,18/11/2009,80.93,1599.24
Daily,19/11/2009,77.85,1568.37
Daily,20/11/2009,76.9,1556.43
Daily,23/11/2009,79.67,1590.7
Daily,24/11/2009,78.82,1576.77
Daily,25/11/2009,81.18,1597.04
Daily,27/11/2009,76.46,1553.26
Daily,30/11/2009,77.14,1559.57
Daily,01/12/2009,81.26,1600.77
Daily,02/12/2009,81.51,1604.86
Daily,03/12/2009,80.93,1612.59
Daily,04/12/2009,80.72,1600.7
Daily,07/12/2009,79.73,1594.5
Daily,08/12/2009,77.04,1574.09
Daily,09/12/2009,76.68,1560.1
Daily,10/12/2009,77.11,1563.64
Daily,11/12/2009,77.09,1563.32
Daily,14/12/2009,78.64,1577.69
Daily,15/12/2009,76.9,1565.94
Daily,16/12/2009,78.65,1584.86
Daily,17/12/2009,75.02,1548.96
Daily,18/12/2009,75.16,1535.58
Daily,21/12/2009,75.65,1550.08
Daily,22/12/2009,76.77,1553.72
Daily,23/12/2009,78.05,1567.79
Daily,24/12/2009,78.87,1574.59
Daily,28/12/2009,79.38,1583.98
Daily,29/12/2009,79.62,1591.62
Daily,30/12/2009,78.98,1573.17
Daily,31/12/2009,77.99,1580.77
Daily,04/01/2010,82.01,1610.99
Daily,05/01/2010,82.37,1615.85
Daily,06/01/2010,82.99,1615.26
Daily,07/01/2010,82.44,1608.36
Daily,08/01/2010,83.76,1617.66
Daily,11/01/2010,85.04,1640.24
Daily,12/01/2010,83.22,1636.12
Daily,13/01/2010,84.68,1628.13
Daily,14/01/2010,85.87,1642.2
Daily,15/01/2010,83.32,1626.76
Daily,19/01/2010,84.96,1627.57
Daily,20/01/2010,80.54,1593.99
Daily,21/01/2010,77.15,1576.31
Daily,22/01/2010,74.2,1565.9
Daily,25/01/2010,75.96,1556.99
Daily,26/01/2010,75,1548.17
Daily,27/01/2010,74.72,1532.07
Daily,28/01/2010,72.29,1517.2
Daily,29/01/2010,70.2,1510.61
Daily,01/02/2010,72.96,1513.57
Daily,02/02/2010,75.29,1536.12
Daily,03/02/2010,73.63,1527.8
Daily,04/02/2010,67.58,1488.6
Daily,05/02/2010,66.37,1451.53
Daily,08/02/2010,64.78,1458
Daily,09/02/2010,68.75,1461.46
Daily,10/02/2010,67.95,1464.88
Daily,11/02/2010,69.25,1465.46
Daily,12/02/2010,68.12,1465.74
Daily,16/02/2010,71.27,1484.76
Daily,17/02/2010,71.46,1502.9
Daily,18/02/2010,72.28,1505.76
Daily,19/02/2010,71.34,1490.05
Daily,22/02/2010,71.63,1507.97
Daily,23/02/2010,69.55,1497.78
Daily,24/02/2010,70.48,1496.88
Daily,25/02/2010,69.66,1473.84
Daily,26/02/2010,70.61,1497.34
Daily,01/03/2010,71.8,1498.76
Daily,02/03/2010,72.79,1516.31
Daily,03/03/2010,74.58,1537.86
Daily,04/03/2010,74.04,1527.84
Daily,05/03/2010,77.07,1544.99
Daily,08/03/2010,77.19,1557.44
Daily,09/03/2010,76.74,1553.36
Daily,10/03/2010,77.55,1562.32
Daily,11/03/2010,78.15,1563.33
Daily,12/03/2010,79.12,1574.25
Daily,15/03/2010,78.02,1559.59
Daily,16/03/2010,80.09,1577.63
Daily,17/03/2010,80.87,1592.68
Daily,18/03/2010,79.89,1578.6
Daily,19/03/2010,78.26,1572.09
Daily,22/03/2010,78.91,1571.3
Daily,23/03/2010,80.02,1578.99
Daily,24/03/2010,77.38,1560.54
Daily,25/03/2010,77.15,1567.06
Daily,26/03/2010,78.55,1572.26
Daily,29/03/2010,80.02,1580.52
Daily,30/03/2010,79.88,1581.38
Daily,31/03/2010,79.96,1584.28
Daily,01/04/2010,82.67,1602.65
Daily,05/04/2010,83.07,1602.13
Daily,06/04/2010,82.57,1601.25
Daily,07/04/2010,81.21,1598.85
Daily,08/04/2010,81.29,1587.86
Daily,09/04/2010,83.3,1609.68
Daily,12/04/2010,83.85,1624.04
Daily,13/04/2010,83.7,1614.73
Daily,14/04/2010,85.87,1630.33
Daily,15/04/2010,85.65,1636.19
Daily,16/04/2010,81.91,1612.57
Daily,19/04/2010,81.51,1591.93
Daily,20/04/2010,82.55,1604.62
Daily,21/04/2010,81.35,1598.57
Daily,22/04/2010,79.87,1575.1
Daily,23/04/2010,81.03,1580.98
Daily,26/04/2010,81.1,1597.1
Daily,27/04/2010,74.66,1565.8
Daily,28/04/2010,74.63,1533.25
Daily,29/04/2010,76.73,1548.39
Daily,30/04/2010,74.89,1551.03
Daily,03/05/2010,75.69,1540.18
Daily,04/05/2010,69.88,1496.85
Daily,05/05/2010,67,1472.87
Daily,06/05/2010,61.17,1435.69
Daily,07/05/2010,60.87,1391.29
Daily,10/05/2010,68.82,1469.54
Daily,11/05/2010,66.52,1448.75
Daily,12/05/2010,68.02,1460.63
Daily,13/05/2010,66.14,1465.13
Daily,14/05/2010,62.47,1417.82
Daily,17/05/2010,62.64,1396.61
Daily,18/05/2010,59.9,1408.22
Daily,19/05/2010,60.41,1374.39
Daily,20/05/2010,56.03,1351.69
Daily,21/05/2010,58.98,1354.83
Daily,24/05/2010,56.25,1346.9
Daily,25/05/2010,55.9,1305.12
Daily,26/05/2010,54.18,1324.11
Daily,27/05/2010,60.42,1359.55
Daily,28/05/2010,58.02,1367.03
Daily,01/06/2010,56.86,1364.46
Daily,02/06/2010,59.99,1349.3
Daily,03/06/2010,59.55,1374.52
Daily,04/06/2010,54.37,1345.97
Daily,07/06/2010,53.1,1315.11
Daily,08/06/2010,54.75,1310.97
Daily,09/06/2010,54.43,1331.67
Daily,10/06/2010,58.99,1354.77
Daily,11/06/2010,59.16,1362.6
Daily,14/06/2010,59.91,1393.31
Daily,15/06/2010,63.73,1402.96
Daily,16/06/2010,63.08,1411.2
Daily,17/06/2010,63.48,1414.82
Daily,18/06/2010,63.25,1419.16
Daily,21/06/2010,63.2,1439.11
Daily,22/06/2010,61.62,1423.54
Daily,23/06/2010,62.44,1405.14
Daily,24/06/2010,60.25,1395.48
Daily,25/06/2010,60.95,1382.04
Daily,28/06/2010,60.04,1394.33
Daily,29/06/2010,55.93,1351.41
Daily,30/06/2010,55.15,1348.11
Daily,01/07/2010,56.77,1337.85
Daily,02/07/2010,56.52,1347.38
Daily,06/07/2010,58.85,1380.27
Daily,07/07/2010,62.43,1389.39
Daily,08/07/2010,63.64,1410.4
Daily,09/07/2010,63.76,1414.96
Daily,12/07/2010,63.22,1414.56
Daily,13/07/2010,65.6,1438.61
Daily,14/07/2010,66.06,1451.46
Daily,15/07/2010,66.7,1449.4
Daily,16/07/2010,62.42,1432.15
Daily,19/07/2010,63.22,1422.18
Daily,20/07/2010,64.08,1415.32
Daily,21/07/2010,61.75,1420.35
Daily,22/07/2010,65.9,1445.68
Daily,23/07/2010,67.45,1453.44
Daily,26/07/2010,68.38,1469.15
Daily,27/07/2010,68.82,1475.31
Daily,28/07/2010,68.05,1482.56
Daily,29/07/2010,68.73,1485.63
Daily,30/07/2010,68.28,1474.91
Daily,02/08/2010,72.88,1517.29
Daily,03/08/2010,72.63,1526.79
Daily,04/08/2010,72.7,1513.75
Daily,05/08/2010,72.56,1517.55
Daily,06/08/2010,73.13,1522.43
Daily,09/08/2010,73.23,1529.73
Daily,10/08/2010,72.06,1505.14
Daily,11/08/2010,65.46,1462.12
Daily,12/08/2010,65.32,1452.1
Daily,13/08/2010,64.86,1449.89
Daily,16/08/2010,65.9,1457.92
Daily,17/08/2010,67.36,1470.65
Daily,18/08/2010,67.3,1469.64
Daily,19/08/2010,65.13,1461.14
Daily,20/08/2010,63.77,1430.88
Daily,23/08/2010,63.48,1435.77
Daily,24/08/2010,61.7,1420.88
Daily,25/08/2010,61.87,1400.6
Daily,26/08/2010,61.82,1420.64
Daily,27/08/2010,64.23,1427.76
Daily,30/08/2010,62.39,1432.56
Daily,31/08/2010,62.76,1425.72
Daily,01/09/2010,67.31,1465.67
Daily,02/09/2010,67.95,1471.96
Daily,03/09/2010,69.1,1484.97
Daily,07/09/2010,67.27,1481.48
Daily,08/09/2010,68.25,1485.17
Daily,09/09/2010,69.59,1500.27
Daily,10/09/2010,70,1498.49
Daily,13/09/2010,72.53,1523.26
Daily,14/09/2010,73.5,1533.64
Daily,15/09/2010,73.55,1531.77
Daily,16/09/2010,72.84,1525.81
Daily,17/09/2010,72.18,1522.54
Daily,20/09/2010,74.62,1540.72
Daily,21/09/2010,74.55,1540.27
Daily,22/09/2010,74.35,1551.05
Daily,23/09/2010,72.76,1545.07
Daily,24/09/2010,76.86,1564.68
Daily,27/09/2010,75.99,1567.19
Daily,28/09/2010,76.87,1568.67
Daily,29/09/2010,76.61,1570.36
Daily,30/09/2010,75.47,1561.01
Daily,01/10/2010,77.01,1567.83
Daily,04/10/2010,74.76,1555.9
Daily,05/10/2010,78.99,1586.44
Daily,06/10/2010,80.3,1605.1
Daily,07/10/2010,79.76,1612.09
Daily,08/10/2010,80.88,1610.6
Daily,11/10/2010,80.59,1611.6
Daily,12/10/2010,80.25,1596.77
Daily,13/10/2010,82,1622.69
Daily,14/10/2010,83.17,1641.29
Daily,15/10/2010,82.6,1631.22
Daily,18/10/2010,82.97,1632.08
Daily,19/10/2010,79.21,1609.3
Daily,20/10/2010,82.26,1626.62
Daily,21/10/2010,81.36,1632.23
Daily,22/10/2010,81.56,1623.69
Daily,25/10/2010,82.35,1636.9
Daily,26/10/2010,81.34,1619.59
Daily,27/10/2010,79.77,1598.55
Daily,28/10/2010,81,1616.59
Daily,29/10/2010,80.94,1616.41
Daily,01/11/2010,80.34,1617.3
Daily,02/11/2010,82.96,1633.83
Daily,03/11/2010,84.13,1627.93
Daily,04/11/2010,87.94,1675.07
Daily,05/11/2010,87.16,1671.56
Daily,08/11/2010,86.04,1663.84
Daily,09/11/2010,84.3,1670.72
Daily,10/11/2010,84.84,1639.61
Daily,11/11/2010,83.39,1640.29
Daily,12/11/2010,82.01,1631.09
Daily,15/11/2010,81.88,1630.1
Daily,16/11/2010,78.19,1597.47
Daily,17/11/2010,78.85,1601.23
Daily,18/11/2010,82.82,1628.07
Daily,19/11/2010,82.82,1625.79
Daily,22/11/2010,81.03,1616.92
Daily,23/11/2010,76.14,1584.6
Daily,24/11/2010,78.59,1587.81
Daily,26/11/2010,76.1,1569.5
Daily,29/11/2010,74.58,1545.59
Daily,30/11/2010,72.86,1535.13
Daily,01/12/2010,76.93,1560.54
Daily,02/12/2010,79.94,1595.08
Daily,03/12/2010,81.48,1617.47
Daily,06/12/2010,80.73,1611.63
Daily,07/12/2010,80.81,1624.45
Daily,08/12/2010,81.4,1613.27
Daily,09/12/2010,81.7,1619.74
Daily,10/12/2010,82.07,1623.18
Daily,13/12/2010,83.83,1646.29
Daily,14/12/2010,84.08,1652.08
Daily,15/12/2010,81.86,1638.41
Daily,16/12/2010,82.76,1629.47
Daily,17/12/2010,81.84,1621.56
Daily,20/12/2010,82.2,1624.62
Daily,21/12/2010,83.56,1643.76
Daily,22/12/2010,83.88,1644.16
Daily,23/12/2010,83.79,1645.57
Daily,27/12/2010,83.43,1642.55
Daily,28/12/2010,83.57,1647
Daily,29/12/2010,85.01,1653.84
Daily,30/12/2010,84.19,1649.69
Daily,31/12/2010,85.23,1658.3
Daily,03/01/2011,86.63,1660.07
Daily,04/01/2011,86.06,1668.83
Daily,05/01/2011,85.23,1647.73
Daily,06/01/2011,83.35,1648.65
Daily,07/01/2011,82.68,1644.57
Daily,10/01/2011,82.38,1631.6
Daily,11/01/2011,83.5,1640.36
Daily,12/01/2011,87.17,1668.49
Daily,13/01/2011,87.64,1692.31
Daily,14/01/2011,88.7,1688.94
Daily,18/01/2011,89.85,1705
Daily,19/01/2011,88.61,1705.37
Daily,20/01/2011,87.09,1672.17
Daily,21/01/2011,88.03,1688.58
Daily,24/01/2011,89.89,1704.02
Daily,25/01/2011,89.44,1701.66
Daily,26/01/2011,90.65,1710.98
Daily,27/01/2011,90.98,1715.65
Daily,28/01/2011,87.02,1694.83
Daily,31/01/2011,88.52,1696.38
Daily,01/02/2011,92.71,1725.24
Daily,02/02/2011,92.49,1736.89
Daily,03/02/2011,92.57,1722.97
Daily,04/02/2011,92.51,1723.5
Daily,07/02/2011,93.08,1733.31
Daily,08/02/2011,94.29,1747.52
Daily,09/02/2011,93.73,1740.72
Daily,10/02/2011,92.5,1725.59
Daily,11/02/2011,92.58,1723.88
Daily,14/02/2011,92.94,1727.59
Daily,15/02/2011,92.54,1732.37
Daily,16/02/2011,94.59,1740.02
Daily,17/02/2011,95.23,1753.83
Daily,18/02/2011,95.85,1758.97
Daily,22/02/2011,90.33,1731.55
Daily,23/02/2011,90.59,1721.79
Daily,24/02/2011,90.73,1714.78
Daily,25/02/2011,93.04,1731.57
Daily,28/02/2011,94.59,1749.01
Daily,01/03/2011,91.94,1748.25
Daily,02/03/2011,92.84,1736.23
Daily,03/03/2011,95.27,1743.22
Daily,04/03/2011,93.54,1745.76
Daily,07/03/2011,91.66,1736.84
Daily,08/03/2011,92.36,1728.43
Daily,09/03/2011,92.32,1728.44
Daily,10/03/2011,87.76,1694.76
Daily,11/03/2011,87.73,1686.08
Daily,14/03/2011,84.58,1658.17
Daily,15/03/2011,81.05,1597.15
Daily,16/03/2011,76.07,1600.76
Daily,17/03/2011,81.07,1628.9
Daily,18/03/2011,83.26,1640.99
Daily,21/03/2011,87.47,1666.85
Daily,22/03/2011,86.91,1683.86
Daily,23/03/2011,87.11,1680.3
Daily,24/03/2011,89.43,1697.54
Daily,25/03/2011,87.46,1696.89
Daily,28/03/2011,87.36,1691.83
Daily,29/03/2011,88.27,1684.54
Daily,30/03/2011,90.35,1702.66
Daily,31/03/2011,89.51,1702.55
Daily,01/04/2011,91.18,1709.08
Daily,04/04/2011,91.41,1719.51
Daily,05/04/2011,90.92,1712.84
Daily,06/04/2011,92.45,1723.46
Daily,07/04/2011,91.54,1717.73
Daily,08/04/2011,93.02,1740.76
Daily,11/04/2011,92.64,1740.99
Daily,12/04/2011,90.91,1718.8
Daily,13/04/2011,91.35,1730.89
Daily,14/04/2011,92.25,1724.81
Daily,15/04/2011,91.97,1721.6
Daily,18/04/2011,88.19,1685.75
Daily,19/04/2011,89.48,1693.04
Daily,20/04/2011,94.15,1737.57
Daily,21/04/2011,95.24,1756.24
Daily,25/04/2011,95.22,1751.51
Daily,26/04/2011,96.72,1759.81
Daily,27/04/2011,99.06,1762.67
Daily,28/04/2011,100.43,1792.8
Daily,29/04/2011,99.48,1797.52
Daily,02/05/2011,100.77,1809.61
Daily,03/05/2011,99.12,1796.57
Daily,04/05/2011,97.46,1779.32
Daily,05/05/2011,93.52,1755.56
Daily,06/05/2011,93.66,1755.85
Daily,09/05/2011,94.99,1731.26
Daily,10/05/2011,96.79,1750.71
Daily,11/05/2011,92.89,1748.82
Daily,12/05/2011,93.49,1725.1
Daily,13/05/2011,90.57,1718.07
Daily,16/05/2011,90.23,1711.88
Daily,17/05/2011,90.63,1692.07
Daily,18/05/2011,91.67,1708.02
Daily,19/05/2011,92.77,1713.75
Daily,20/05/2011,89.97,1702.63
Daily,23/05/2011,85.94,1661.43
Daily,24/05/2011,86.92,1669.59
Daily,25/05/2011,88.03,1673.23
Daily,26/05/2011,89.67,1684.84
Daily,27/05/2011,90.98,1708.5
Daily,31/05/2011,94.74,1732.84
Daily,01/06/2011,90.26,1727.19
Daily,02/06/2011,91.19,1701.51
Daily,03/06/2011,91.22,1704.72
Daily,06/06/2011,88.85,1698.74
Daily,07/06/2011,90.43,1705.53
Daily,08/06/2011,88.18,1686.91
Daily,09/06/2011,89.99,1689.5
Daily,10/06/2011,85.71,1662.91
Daily,13/06/2011,86.02,1664.25
Daily,14/06/2011,89.04,1686.57
Daily,15/06/2011,83.15,1658.81
Daily,16/06/2011,82.57,1631.59
Daily,17/06/2011,84.3,1646.73
Daily,20/06/2011,84.06,1638.95
Daily,21/06/2011,87.66,1666.7
Daily,22/06/2011,85.95,1671.86
Daily,23/06/2011,84.5,1628.03
Daily,24/06/2011,82.88,1633.62
Daily,27/06/2011,84.32,1634.73
Daily,28/06/2011,86.25,1650.02
Daily,29/06/2011,89.25,1680.66
Daily,30/06/2011,91.83,1708.08
Daily,01/07/2011,93.84,1716.47
Daily,05/07/2011,92.72,1722.64
Daily,06/07/2011,91.54,1710.84
Daily,07/07/2011,93.15,1718.77
Daily,08/07/2011,90.79,1707.35
Daily,11/07/2011,85.34,1665.71
Daily,12/07/2011,84.23,1652.04
Daily,13/07/2011,86.61,1679.7
Daily,14/07/2011,85.16,1666.87
Daily,15/07/2011,85.72,1661.14
Daily,18/07/2011,83.18,1633.16
Daily,19/07/2011,85.73,1654.3
Daily,20/07/2011,87.69,1676.06
Daily,21/07/2011,91.43,1704.67
Daily,22/07/2011,91.7,1717.06
Daily,25/07/2011,90.39,1706.03
Daily,26/07/2011,91.51,1719.24
Daily,27/07/2011,87.04,1696.67
Daily,28/07/2011,86.65,1684.27
Daily,29/07/2011,86.91,1679.84
Daily,01/08/2011,84.88,1663.45
Daily,02/08/2011,80.38,1635.03
Daily,03/08/2011,81.37,1606.71
Daily,04/08/2011,69.93,1547.43
Daily,05/08/2011,72.46,1513.23
Daily,08/08/2011,61.66,1462.29
Daily,09/08/2011,69.98,1471.04
Daily,10/08/2011,61.6,1442.47
Daily,11/08/2011,67.56,1466.85
Daily,12/08/2011,69.14,1498.56
Daily,15/08/2011,72.31,1526.62
Daily,16/08/2011,70.2,1521.92
Daily,17/08/2011,71.01,1530.55
Daily,18/08/2011,64.1,1465.9
Daily,19/08/2011,61.94,1446.14
Daily,22/08/2011,62.67,1444.74
Daily,23/08/2011,66.87,1461.26
Daily,24/08/2011,66.84,1469.71
Daily,25/08/2011,63.57,1457.04
Daily,26/08/2011,65.62,1455.41
Daily,29/08/2011,68.75,1482.51
Daily,30/08/2011,67.97,1491.72
Daily,31/08/2011,70.46,1523.58
Daily,01/09/2011,68.67,1521.62
Daily,02/09/2011,65.52,1488.02
Daily,06/09/2011,61.25,1408.57
Daily,07/09/2011,64.9,1447
Daily,08/09/2011,62.31,1453.64
Daily,09/09/2011,58.03,1405.87
Daily,12/09/2011,57.55,1364.68
Daily,13/09/2011,58.8,1381.44
Daily,14/09/2011,60.49,1387.46
Daily,15/09/2011,63.14,1425.29
Daily,16/09/2011,63.04,1436.62
Daily,19/09/2011,59.63,1400.5
Daily,20/09/2011,60.16,1418.97
Daily,21/09/2011,56.65,1403.16
Daily,22/09/2011,52.92,1331.35
Daily,23/09/2011,54.11,1338.48
Daily,26/09/2011,56.33,1341.16
Daily,27/09/2011,59.1,1405.75
Daily,28/09/2011,57.16,1394.51
Daily,29/09/2011,59.33,1402.75
Daily,30/09/2011,55.23,1373.33
Daily,03/10/2011,52.36,1343.2
Daily,04/10/2011,54.12,1310.15
Daily,05/10/2011,55.78,1336.85
Daily,06/10/2011,58.77,1379.96
Daily,07/10/2011,57.96,1400.85
Daily,10/10/2011,62.34,1430.84
Daily,11/10/2011,62.16,1434.51
Daily,12/10/2011,63.97,1460.25
Daily,13/10/2011,64.02,1449.68
Daily,14/10/2011,65.5,1463.69
Daily,17/10/2011,62.49,1459.17
Daily,18/10/2011,64.28,1439.42
Daily,19/10/2011,61.86,1456
Daily,20/10/2011,62.27,1427.6
Daily,21/10/2011,65.32,1468.8
Daily,24/10/2011,67.22,1491.03
Daily,25/10/2011,64.9,1484.08
Daily,26/10/2011,66.72,1477.82
Daily,27/10/2011,74.03,1553.31
Daily,28/10/2011,73.05,1560.85
Daily,31/10/2011,65.53,1505
Daily,01/11/2011,61.31,1440.44
Daily,02/11/2011,62.47,1451.28
Daily,03/11/2011,65.62,1464.76
Daily,04/11/2011,63.96,1466.29
Daily,07/11/2011,64.5,1460.06
Daily,08/11/2011,65.98,1468.93
Daily,09/11/2011,59.27,1441.39
Daily,10/11/2011,60.67,1423.78
Daily,11/11/2011,63.69,1460.88
Daily,14/11/2011,61.43,1448.02
Daily,15/11/2011,61.08,1430.99
Daily,16/11/2011,58.74,1426.06
Daily,17/11/2011,57.46,1413.57
Daily,18/11/2011,57.85,1400.49
Daily,21/11/2011,54.92,1361.13
Daily,22/11/2011,54.59,1356.86
Daily,23/11/2011,51.56,1329.58
Daily,25/11/2011,51.05,1321.23
Daily,28/11/2011,55.42,1366.44
Daily,29/11/2011,56.12,1381.76
Daily,30/11/2011,61.97,1427.27
Daily,01/12/2011,60.78,1431.7
Daily,02/12/2011,60.85,1441.07
Daily,05/12/2011,62.14,1455.3
Daily,06/12/2011,61.56,1438.59
Daily,07/12/2011,62.42,1444.37
Daily,08/12/2011,58.34,1421.67
Daily,09/12/2011,61.23,1428.19
Daily,12/12/2011,57.6,1404.67
Daily,13/12/2011,56.09,1396.1
Daily,14/12/2011,54.68,1363.55
Daily,15/12/2011,55.34,1368.46
Daily,16/12/2011,54.86,1370.78
Daily,19/12/2011,53.83,1360.97
Daily,20/12/2011,57.65,1387.78
Daily,21/12/2011,56.99,1384.81
Daily,22/12/2011,58.03,1393.43
Daily,23/12/2011,58.79,1401.6
Daily,27/12/2011,58.33,1405.36
Daily,28/12/2011,56.24,1386.64
Daily,29/12/2011,58.28,1393.45
Daily,30/12/2011,58.8,1412.55
Daily,03/01/2012,62.02,1446.64
Daily,04/01/2012,61.26,1439.89
Daily,05/01/2012,59.47,1416.47
Daily,06/01/2012,57.82,1406.71
Daily,09/01/2012,58.31,1405.1
Daily,10/01/2012,60.03,1428.96
Daily,11/01/2012,59.69,1419.33
Daily,12/01/2012,60.14,1423.02
Daily,13/01/2012,58.86,1415.22
Daily,17/01/2012,60.16,1437.05
Daily,18/01/2012,62.24,1445
Daily,19/01/2012,63.78,1464.78
Daily,20/01/2012,64.44,1472.05
Daily,23/01/2012,64.93,1487.63
Daily,24/01/2012,64.2,1476.25
Daily,25/01/2012,65.54,1475.53
Daily,26/01/2012,65.58,1505.67
Daily,27/01/2012,65.81,1495.58
Daily,30/01/2012,64.25,1480.91
Daily,31/01/2012,64.91,1486.74
Daily,01/02/2012,66.97,1514.86
Daily,02/02/2012,67.22,1518.58
Daily,03/02/2012,69.35,1529.46
Daily,06/02/2012,68.65,1529.55
Daily,07/02/2012,69.49,1540.09
Daily,08/02/2012,69.97,1544.48
Daily,09/02/2012,70.33,1549.8
Daily,10/02/2012,67.68,1524.97
Daily,13/02/2012,69.25,1538.87
Daily,14/02/2012,68.17,1526.16
Daily,15/02/2012,68.31,1537.05
Daily,16/02/2012,70.2,1530.02
Daily,17/02/2012,70.81,1548.44
Daily,21/02/2012,70.83,1563.57
Daily,22/02/2012,70.33,1553.17
Daily,23/02/2012,71.57,1559.01
Daily,24/02/2012,72.43,1573.82
Daily,27/02/2012,71.69,1565.16
Daily,28/02/2012,73.02,1571.22
Daily,29/02/2012,71.22,1567.67
Daily,01/03/2012,72.73,1570.58
Daily,02/03/2012,71.36,1561.54
Daily,05/03/2012,70.62,1554.08
Daily,06/03/2012,66.1,1513.86
Daily,07/03/2012,67.72,1515.1
Daily,08/03/2012,70.61,1548.16
Daily,09/03/2012,70.19,1544.13
Daily,12/03/2012,69.78,1540.16
Daily,13/03/2012,72.01,1556.73
Daily,14/03/2012,70.83,1553.96
Daily,15/03/2012,72.13,1565.87
Daily,16/03/2012,73.06,1581
Daily,19/03/2012,73.88,1586.11
Daily,20/03/2012,72.15,1569.05
Daily,21/03/2012,71.13,1559.97
Daily,22/03/2012,70.11,1553.81
Daily,23/03/2012,71.17,1556.76
Daily,26/03/2012,72.95,1569.73
Daily,27/03/2012,72.08,1573.84
Daily,28/03/2012,71.05,1558.22
Daily,29/03/2012,70.19,1542.83
Daily,30/03/2012,71.43,1553.46
Daily,02/04/2012,73.01,1570.08
Daily,03/04/2012,70.53,1559.16
Daily,04/04/2012,67.38,1512.53
Daily,05/04/2012,66.54,1509.02
Daily,09/04/2012,65.93,1505.19
Daily,10/04/2012,63.15,1481.99
Daily,11/04/2012,64.89,1486.73
Daily,12/04/2012,67.24,1506.27
Daily,13/04/2012,64.74,1488.02
Daily,16/04/2012,65.57,1486.07
Daily,17/04/2012,67.72,1509.39
Daily,18/04/2012,67.05,1508.23
Daily,19/04/2012,66.2,1502.34
Daily,20/04/2012,67.42,1511.15
Daily,23/04/2012,64.76,1481.26
Daily,24/04/2012,65.8,1494.9
Daily,25/04/2012,67.59,1504.32
Daily,26/04/2012,68.39,1513.11
Daily,27/04/2012,68.95,1521.38
Daily,30/04/2012,68.15,1516.21
Daily,01/05/2012,68.71,1512.74
Daily,02/05/2012,67.68,1504.56
Daily,03/05/2012,66.44,1503.67
Daily,04/05/2012,64.41,1483.87
Daily,07/05/2012,65.34,1471.98
Daily,08/05/2012,63.38,1454.15
Daily,09/05/2012,61.88,1440.42
Daily,10/05/2012,62.44,1446.19
Daily,11/05/2012,61.68,1444.52
Daily,14/05/2012,59.29,1418.66
Daily,15/05/2012,57.8,1402.7
Daily,16/05/2012,56.56,1385.67
Daily,17/05/2012,55.26,1378.79
Daily,18/05/2012,54.51,1356.9
Daily,21/05/2012,56.85,1364.43
Daily,22/05/2012,56.43,1384.17
Daily,23/05/2012,55.51,1345.65
Daily,24/05/2012,54.78,1354.4
Daily,25/05/2012,54.39,1350.38
Daily,29/05/2012,55.76,1365.02
Daily,30/05/2012,53.13,1339
Daily,31/05/2012,53.57,1332.89
Daily,01/06/2012,50.86,1312.34
Daily,04/06/2012,51.73,1308.01
Daily,05/06/2012,52.34,1314.44
Daily,06/06/2012,55.33,1341.84
Daily,07/06/2012,55.53,1361.94
Daily,08/06/2012,55.17,1344.48
Daily,11/06/2012,54.02,1355.92
Daily,12/06/2012,55.92,1355.34
Daily,13/06/2012,54.97,1363.06
Daily,14/06/2012,55.83,1360.75
Daily,15/06/2012,57.34,1375.59
Daily,18/06/2012,57.06,1380.42
Daily,19/06/2012,58.95,1400.77
Daily,20/06/2012,59.63,1411.88
Daily,21/06/2012,56.53,1396.21
Daily,22/06/2012,57.59,1379.85
Daily,25/06/2012,54.9,1362.37
Daily,26/06/2012,55.64,1358.99
Daily,27/06/2012,56.64,1373.42
Daily,28/06/2012,56.9,1373.62
Daily,29/06/2012,61,1423.38
Daily,02/07/2012,61.77,1431.87
Daily,03/07/2012,62.92,1445.28
Daily,05/07/2012,60.84,1429.12
Daily,06/07/2012,59.69,1413.83
Daily,09/07/2012,59.42,1403.07
Daily,10/07/2012,58.69,1405.56
Daily,11/07/2012,58.98,1405.58
Daily,12/07/2012,57.89,1385.21
Daily,13/07/2012,59.41,1402.86
Daily,16/07/2012,59.41,1407.06
Daily,17/07/2012,59.74,1403
Daily,18/07/2012,60.68,1417.29
Daily,19/07/2012,61.82,1434.68
Daily,20/07/2012,58.95,1408.83
Daily,23/07/2012,56.47,1373.74
Daily,24/07/2012,55.24,1366.68
Daily,25/07/2012,55.84,1363.52
Daily,26/07/2012,59.2,1402.63
Daily,27/07/2012,61.77,1426.25
Daily,30/07/2012,61.57,1437.95
Daily,31/07/2012,60.8,1438.57
Daily,01/08/2012,60.82,1438.1
Daily,02/08/2012,59.12,1417.45
Daily,03/08/2012,63.14,1447.88
Daily,06/08/2012,64.02,1466.27
Daily,07/08/2012,65.19,1476.53
Daily,08/08/2012,65.01,1475.64
Daily,09/08/2012,65.09,1477.82
Daily,10/08/2012,65.31,1474.23
Daily,13/08/2012,64.67,1472.25
Daily,14/08/2012,64.97,1475.38
Daily,15/08/2012,64.59,1469.5
Daily,16/08/2012,66.17,1483.6
Daily,17/08/2012,66.37,1486.39
Daily,20/08/2012,66.21,1485.61
Daily,21/08/2012,66.97,1501.46
Daily,22/08/2012,66.81,1486.65
Daily,23/08/2012,66.04,1495.65
Daily,24/08/2012,65.84,1484.79
Daily,27/08/2012,65.91,1487.78
Daily,28/08/2012,65.78,1482.19
Daily,29/08/2012,65.37,1478.01
Daily,30/08/2012,63.43,1463.96
Daily,31/08/2012,64.54,1472.51
Daily,04/09/2012,63.88,1461.69
Daily,05/09/2012,63.53,1459.7
Daily,06/09/2012,66.66,1484.75
Daily,07/09/2012,68.69,1514
Daily,10/09/2012,67.6,1510.71
Daily,11/09/2012,69.13,1519.27
Daily,12/09/2012,70.03,1529.43
Daily,13/09/2012,72.19,1531.29
Daily,14/09/2012,73.59,1569.91
Daily,17/09/2012,72.81,1563.51
Daily,18/09/2012,72.19,1552.9
Daily,19/09/2012,72.8,1562.79
Daily,20/09/2012,71.84,1545.77
Daily,21/09/2012,71.89,1556.06
Daily,24/09/2012,71.43,1544.78
Daily,25/09/2012,70.51,1553.91
Daily,26/09/2012,69.07,1516.99
Daily,27/09/2012,70.67,1526.25
Daily,28/09/2012,67.87,1510.76
Daily,01/10/2012,68.99,1524.83
Daily,02/10/2012,69.5,1524.9
Daily,03/10/2012,68.93,1517.52
Daily,04/10/2012,70.58,1529.15
Daily,05/10/2012,70.79,1544.98
Daily,08/10/2012,69.94,1528.76
Daily,09/10/2012,67.91,1514.99
Daily,10/10/2012,67.52,1505.03
Daily,11/10/2012,68.39,1513.77
Daily,12/10/2012,68.23,1512.69
Daily,15/10/2012,69.56,1515.87
Daily,16/10/2012,71.89,1540.41
Daily,17/10/2012,73.2,1559.46
Daily,18/10/2012,72.59,1563.65
Daily,19/10/2012,70.6,1550.49
Daily,22/10/2012,71.67,1546.46
Daily,23/10/2012,68.59,1518.68
Daily,24/10/2012,68.66,1521.24
Daily,25/10/2012,69.48,1525.61
Daily,26/10/2012,69.25,1521.02
Daily,31/10/2012,69.13,1522.23
Daily,01/11/2012,70.78,1531.52
Daily,02/11/2012,69.35,1530.97
Daily,05/11/2012,69.08,1520.61
Daily,06/11/2012,70.4,1527.31
Daily,07/11/2012,68.28,1513.29
Daily,08/11/2012,67.1,1503.15
Daily,09/11/2012,67.1,1498.43
Daily,12/11/2012,67.04,1493.24
Daily,13/11/2012,66.3,1495.13
Daily,14/11/2012,64.95,1483.73
Daily,15/11/2012,65.3,1479.42
Daily,16/11/2012,65.27,1467.33
Daily,19/11/2012,68.02,1503.99
Daily,20/11/2012,68.3,1503.97
Daily,21/11/2012,68.53,1507.01
Daily,23/11/2012,71.48,1537.31
Daily,26/11/2012,71.16,1535.74
Daily,27/11/2012,70.4,1537.38
Daily,28/11/2012,71.43,1534.05
Daily,29/11/2012,72.66,1554.47
Daily,30/11/2012,72.9,1555.73
Daily,03/12/2012,73.02,1562.97
Daily,04/12/2012,73.31,1565.76
Daily,05/12/2012,73.68,1566.06
Daily,06/12/2012,73.89,1569.46
Daily,07/12/2012,73.94,1568.05
Daily,10/12/2012,74.09,1569.32
Daily,11/12/2012,74.94,1578.37
Daily,12/12/2012,75.42,1583.38
Daily,13/12/2012,74.96,1583.77
Daily,14/12/2012,75.44,1586.21
Daily,17/12/2012,76.1,1590.55
Daily,18/12/2012,77.68,1602.48
Daily,19/12/2012,78.31,1618.92
Daily,20/12/2012,79.33,1616.95
Daily,21/12/2012,78.33,1606.33
Daily,24/12/2012,77.88,1603.24
Daily,26/12/2012,77.87,1606.83
Daily,27/12/2012,78.56,1609.75
Daily,28/12/2012,76.9,1605.82
Daily,31/12/2012,79.11,1604
Daily,02/01/2013,81.75,1631.65
Daily,03/01/2013,80.08,1628.1
Daily,04/01/2013,80.89,1633.07
Daily,07/01/2013,80.2,1631.24
Daily,08/01/2013,79.27,1624.48
Daily,09/01/2013,80.07,1631.57
Daily,10/01/2013,82.11,1647.16
Daily,11/01/2013,82.45,1655.98
Daily,14/01/2013,82.64,1653.27
Daily,15/01/2013,82.38,1656.96
Daily,16/01/2013,81.58,1647.4
Daily,17/01/2013,82.91,1655.22
Daily,18/01/2013,82.73,1654.54
Daily,22/01/2013,82.81,1658.93
Daily,23/01/2013,82.63,1655.99
Daily,24/01/2013,83.42,1664.41
Daily,25/01/2013,85.22,1679.88
Daily,28/01/2013,84.37,1676.66
Daily,29/01/2013,85.52,1687.51
Daily,30/01/2013,85.69,1692.54
Daily,31/01/2013,85.05,1687.33
Daily,01/02/2013,86.29,1697.38
Daily,04/02/2013,83.28,1674.11
Daily,05/02/2013,84.05,1667.39
Daily,06/02/2013,84.02,1674.7
Daily,07/02/2013,82.64,1661.1
Daily,08/02/2013,83.68,1672.67
Daily,11/02/2013,83.5,1662.5
Daily,12/02/2013,84.33,1680.86
Daily,13/02/2013,84.72,1679.74
Daily,14/02/2013,83.79,1672.63
Daily,15/02/2013,83.3,1663.46
Daily,19/02/2013,85.3,1684.06
Daily,20/02/2013,83.65,1684.99
Daily,21/02/2013,81.13,1650.26
Daily,22/02/2013,83.43,1659.78
Daily,25/02/2013,79.46,1668.34
Daily,26/02/2013,80.74,1641.42
Daily,27/02/2013,82.75,1651.11
Daily,28/02/2013,82.49,1667.8
Daily,01/03/2013,82.26,1654.34
Daily,04/03/2013,82.96,1654.93
Daily,05/03/2013,84.52,1677.2
Daily,06/03/2013,84.97,1679.51
Daily,07/03/2013,85.54,1682.67
Daily,08/03/2013,85.86,1683.2
Daily,11/03/2013,86.4,1693.35
Daily,12/03/2013,85.53,1693.58
Daily,13/03/2013,85.29,1683.61
Daily,14/03/2013,86.96,1699.43
Daily,15/03/2013,87.34,1713.66
Daily,18/03/2013,85.35,1688.95
Daily,19/03/2013,84.83,1683.64
Daily,20/03/2013,85.85,1689.37
Daily,21/03/2013,84.29,1686.39
Daily,22/03/2013,85.75,1686.72
Daily,25/03/2013,83.6,1679.37
Daily,26/03/2013,84.62,1677.95
Daily,27/03/2013,83.81,1668.52
Daily,28/03/2013,84.61,1674.6
Daily,01/04/2013,82.29,1666.87
Daily,02/04/2013,84.1,1677.02
Daily,03/04/2013,83.26,1675.97
Daily,04/04/2013,84.71,1659.21
Daily,05/04/2013,83.96,1660.8
Daily,08/04/2013,84.61,1667.68
Daily,09/04/2013,85.21,1676.02
Daily,10/04/2013,87.68,1702.84
Daily,11/04/2013,89.07,1724.04
Daily,12/04/2013,88.66,1715.09
Daily,15/04/2013,85.15,1701.15
Daily,16/04/2013,87.56,1690.78
Daily,17/04/2013,83.83,1674.11
Daily,18/04/2013,83.4,1667.67
Daily,19/04/2013,84.73,1671.23
Daily,22/04/2013,85.44,1674.57
Daily,23/04/2013,87.77,1699.02
Daily,24/04/2013,89.37,1715.59
Daily,25/04/2013,90.31,1728.51
Daily,26/04/2013,90.48,1729.64
Daily,29/04/2013,92.75,1741.77
Daily,30/04/2013,92.99,1753.61
Daily,01/05/2013,91.87,1749.92
Daily,02/05/2013,92.43,1737.37
Daily,03/05/2013,94.79,1749.86
Daily,06/05/2013,94.54,1743.72
Daily,07/05/2013,94.83,1759.69
Daily,08/05/2013,96.86,1780.51
Daily,09/05/2013,94.96,1767.32
Daily,10/05/2013,95.17,1758.89
Daily,13/05/2013,95.07,1764.17
Daily,14/05/2013,95.43,1765.77
Daily,15/05/2013,96.27,1770
Daily,16/05/2013,94.92,1772.81
Daily,17/05/2013,96.22,1763.95
Daily,20/05/2013,97.28,1781.14
Daily,21/05/2013,97.67,1781.84
Daily,22/05/2013,95.6,1780.48
Daily,23/05/2013,92.95,1734.35
Daily,24/05/2013,91.33,1733.46
Daily,28/05/2013,91.8,1731.77
Daily,29/05/2013,90.04,1727.02
Daily,30/05/2013,90.74,1723.19
Daily,31/05/2013,87.25,1702.25
Daily,03/06/2013,87.88,1693.12
Daily,04/06/2013,88.52,1707.72
Daily,05/06/2013,84.57,1678.04
Daily,06/06/2013,85.52,1669.61
Daily,07/06/2013,87.81,1682.78
Daily,10/06/2013,87.98,1691.01
Daily,11/06/2013,85.82,1689.42
Daily,12/06/2013,85.61,1693.38
Daily,13/06/2013,88.23,1676.65
Daily,14/06/2013,86.3,1689.43
Daily,17/06/2013,88.78,1707.9
Daily,18/06/2013,90.03,1706.87
Daily,19/06/2013,86.67,1716.18
Daily,20/06/2013,80.32,1636.93
Daily,21/06/2013,80.9,1625.85
Daily,24/06/2013,78.27,1598.66
Daily,25/06/2013,80.25,1607.83
Daily,26/06/2013,80.85,1622.63
Daily,27/06/2013,82.53,1637.32
Daily,28/06/2013,82.44,1638.94
Daily,01/07/2013,83.76,1656
Daily,02/07/2013,82.91,1658.93
Daily,03/07/2013,82.97,1645.23
Daily,05/07/2013,83.72,1648.01
Daily,08/07/2013,84.78,1658.53
Daily,09/07/2013,85.64,1670.9
Daily,10/07/2013,86.19,1683.24
Daily,11/07/2013,90.68,1713.35
Daily,12/07/2013,89.44,1711.14
Daily,15/07/2013,90.54,1714.2
Daily,16/07/2013,90.42,1721.85
Daily,17/07/2013,90.96,1722.93
Daily,18/07/2013,92.15,1731.42
Daily,19/07/2013,92,1733.47
Daily,22/07/2013,93.02,1746.8
Daily,23/07/2013,93.41,1748.18
Daily,24/07/2013,93.16,1753.91
Daily,25/07/2013,93.52,1744.1
Daily,26/07/2013,92.36,1738.76
Daily,29/07/2013,90.59,1725.63
Daily,30/07/2013,90.56,1729.84
Daily,31/07/2013,91.03,1724.75
Daily,01/08/2013,93.47,1741.75
Daily,02/08/2013,94.96,1763.27
Daily,05/08/2013,94.55,1757.49
Daily,06/08/2013,94.27,1766.07
Daily,07/08/2013,93.44,1752.15
Daily,08/08/2013,95.09,1763.83
Daily,09/08/2013,95.45,1768.14
Daily,12/08/2013,94.92,1762.25
Daily,13/08/2013,96.15,1765.24
Daily,14/08/2013,96.24,1776.7
Daily,15/08/2013,94.66,1756.62
Daily,16/08/2013,94.99,1765.47
Daily,19/08/2013,93.6,1759.84
Daily,20/08/2013,93.35,1748.06
Daily,21/08/2013,91.13,1732.71
Daily,22/08/2013,92.91,1735.38
Daily,23/08/2013,94.52,1754.53
Daily,26/08/2013,93.13,1751.41
Daily,27/08/2013,89.83,1734.12
Daily,28/08/2013,89.76,1714.91
Daily,29/08/2013,89.42,1711.89
Daily,30/08/2013,87.2,1697.34
Daily,03/09/2013,90.56,1724.03
Daily,04/09/2013,92.2,1733.43
Daily,05/09/2013,91.93,1733.05
Daily,06/09/2013,93.01,1744.1
Daily,09/09/2013,95.54,1758.15
Daily,10/09/2013,97.63,1778.49
Daily,11/09/2013,98.44,1788.95
Daily,12/09/2013,97.31,1790.3
Daily,13/09/2013,98.12,1786.5
Daily,16/09/2013,99.69,1808.12
Daily,17/09/2013,99.82,1798.85
Daily,18/09/2013,105.12,1809.86
Daily,19/09/2013,104.17,1844.39
Daily,20/09/2013,102.55,1836.59
Daily,23/09/2013,102.5,1832.66
Daily,24/09/2013,102.18,1831.2
Daily,25/09/2013,102.33,1832
Daily,26/09/2013,103.25,1832.08
Daily,27/09/2013,102.45,1835.85
Daily,30/09/2013,101,1818.23
Daily,01/10/2013,102.08,1826.24
Daily,02/10/2013,102.04,1821.43
Daily,03/10/2013,100.7,1820.63
Daily,04/10/2013,101.17,1816.7
Daily,07/10/2013,99.07,1805.05
Daily,08/10/2013,97.56,1799.6
Daily,09/10/2013,98.34,1790.27
Daily,10/10/2013,101.82,1810.82
Daily,11/10/2013,102.89,1827.93
Daily,14/10/2013,103.58,1832.77
Daily,15/10/2013,102.59,1836.02
Daily,16/10/2013,104.17,1836.93
Daily,17/10/2013,106.72,1863.81
Daily,18/10/2013,107.93,1878.47
Daily,21/10/2013,108.23,1882.4
Daily,22/10/2013,110.31,1899.35
Daily,23/10/2013,108.13,1887.57
Daily,24/10/2013,109.74,1896.55
Daily,25/10/2013,109.14,1886.29
Daily,28/10/2013,108.74,1890.6
Daily,29/10/2013,109.19,1888.38
Daily,30/10/2013,108.39,1893.68
Daily,31/10/2013,107.17,1878.39
Daily,01/11/2013,106.12,1858.53
Daily,04/11/2013,107.15,1865.75
Daily,05/11/2013,105.2,1860.85
Daily,06/11/2013,107.14,1873.7
Daily,07/11/2013,103.76,1854.72
Daily,08/11/2013,104.97,1844.62
Daily,11/11/2013,105.41,1855.51
Daily,12/11/2013,104.69,1855.44
Daily,13/11/2013,105.36,1842.64
Daily,14/11/2013,106.19,1862.3
Daily,15/11/2013,108.48,1874.48
Daily,18/11/2013,108.02,1888.72
Daily,19/11/2013,107.36,1877.38
Daily,20/11/2013,105.95,1871.98
Daily,21/11/2013,107.23,1866.28
Daily,22/11/2013,107.88,1873.54
Daily,25/11/2013,107.22,1879.2
Daily,26/11/2013,107.21,1874.73
Daily,27/11/2013,107.72,1877.31
Daily,29/11/2013,108.14,1888.91
Daily,02/12/2013,106.52,1875.64
Daily,03/12/2013,105.03,1862.71
Daily,04/12/2013,103.89,1842.54
Daily,05/12/2013,102.7,1836.93
Daily,06/12/2013,105.24,1847.54
Daily,09/12/2013,105.01,1856.68
Daily,10/12/2013,104.65,1853.82
Daily,11/12/2013,102.68,1845.33
Daily,12/12/2013,101.18,1822.54
Daily,13/12/2013,101.05,1818.48
Daily,16/12/2013,102.5,1830.96
Daily,17/12/2013,101.51,1823.09
Daily,18/12/2013,104.8,1840.49
Daily,19/12/2013,104.8,1855.14
Daily,20/12/2013,106.02,1864.94
Daily,23/12/2013,108.16,1879.33
Daily,24/12/2013,108.58,1878.03
Daily,26/12/2013,109.76,1885.14
Daily,27/12/2013,110.88,1908
Daily,30/12/2013,111.8,1913.5
Daily,31/12/2013,112.5,1915.6
Daily,02/01/2014,108.69,1894.74
Daily,03/01/2014,108.85,1898.6
Daily,06/01/2014,108.58,1893.19
Daily,07/01/2014,109.76,1895.14
Daily,08/01/2014,109.72,1903.06
Daily,09/01/2014,109.55,1892.69
Daily,10/01/2014,111.6,1910.51
Daily,13/01/2014,109.63,1915.64
Daily,14/01/2014,111.37,1907.23
Daily,15/01/2014,112.3,1916.3
Daily,16/01/2014,112.2,1916.4
Daily,17/01/2014,111.52,1919.9
Daily,21/01/2014,112.58,1918.62
Daily,22/01/2014,112.57,1923.41
Daily,23/01/2014,111.06,1916.36
Daily,24/01/2014,104.96,1881.51
Daily,27/01/2014,103.98,1858.23
Daily,28/01/2014,105.77,1860.91
Daily,29/01/2014,103.4,1864.69
Daily,30/01/2014,104.45,1847.18
Daily,31/01/2014,100.9,1837.64
Daily,03/02/2014,96.76,1820.39
Daily,04/02/2014,98.97,1796.86
Daily,05/02/2014,99.37,1807.92
Daily,06/02/2014,102.89,1832.15
Daily,07/02/2014,105.57,1851.35
Daily,10/02/2014,104.84,1861.55
Daily,11/02/2014,108.2,1882.74
Daily,12/02/2014,108.52,1890.26
Daily,13/02/2014,109.17,1889.48
Daily,14/02/2014,109.99,1896.46
Daily,18/02/2014,111.85,1920.57
Daily,19/02/2014,110.34,1921.95
Daily,20/02/2014,111.1,1908.55
Daily,21/02/2014,111.53,1924.84
Daily,24/02/2014,113.45,1931.44
Daily,25/02/2014,112.9,1938.47
Daily,26/02/2014,112.12,1925.86
Daily,27/02/2014,112.85,1923.34
Daily,28/02/2014,113.08,1935.88
Daily,03/03/2014,108.47,1898.87
Daily,04/03/2014,112.76,1922.69
Daily,05/03/2014,112.55,1925.66
Daily,06/03/2014,114.88,1940.23
Daily,07/03/2014,113.63,1927.45
Daily,10/03/2014,112.21,1916.73
Daily,11/03/2014,110.57,1917.99
Daily,12/03/2014,109.73,1898.2
Daily,13/03/2014,105.63,1889.43
Daily,14/03/2014,105.17,1867.14
Daily,17/03/2014,107.81,1878.4
Daily,18/03/2014,109.14,1890.8
Daily,19/03/2014,106.47,1888.12
Daily,20/03/2014,105.65,1864.01
Daily,21/03/2014,105.23,1868.31
Daily,24/03/2014,105.76,1861.84
Daily,25/03/2014,108.06,1877.71
Daily,26/03/2014,107.98,1892.99
Daily,27/03/2014,109.09,1892.86
Daily,28/03/2014,110.73,1904.13
Daily,31/03/2014,111.74,1915.69
Daily,01/04/2014,113.27,1923.44
Daily,02/04/2014,113.69,1926.03
Daily,03/04/2014,113.05,1924.32
Daily,04/04/2014,112.34,1932.01
Daily,07/04/2014,111.32,1914.93
Daily,08/04/2014,111.12,1914.95
Daily,09/04/2014,113.95,1918.08
Daily,10/04/2014,109.92,1919.8
Daily,11/04/2014,108.59,1896.21
Daily,14/04/2014,109.76,1892.48
Daily,15/04/2014,108.86,1882.24
Daily,16/04/2014,111.54,1904.98
Daily,17/04/2014,112.69,1914.1
Daily,21/04/2014,112.98,1912.14
Daily,22/04/2014,113.91,1927
Daily,23/04/2014,113.35,1926.31
Daily,24/04/2014,113.32,1927.38
Daily,25/04/2014,112.2,1920.47
Daily,28/04/2014,112.89,1918.51
Daily,29/04/2014,114.35,1930.98
Daily,30/04/2014,115.25,1936.67
Daily,01/05/2014,115.88,1943.58
Daily,02/05/2014,115.5,1941.23
Daily,05/05/2014,115.32,1939.04
Daily,06/05/2014,114.91,1944.72
Daily,07/05/2014,115.17,1931.81
Daily,08/05/2014,115.2,1944.74
Daily,09/05/2014,114.85,1931.84
Daily,12/05/2014,116.29,1937.35
Daily,13/05/2014,116.69,1944.89
Daily,14/05/2014,116.24,1948.13
Daily,15/05/2014,115.26,1937.72
Daily,16/05/2014,115.72,1933.3
Daily,19/05/2014,115.24,1928.63
Daily,20/05/2014,113.78,1924.1
Daily,21/05/2014,115.54,1925.9
Daily,22/05/2014,115.84,1934.6
Daily,23/05/2014,116.44,1938.56
Daily,27/05/2014,118.08,1950.82
Daily,28/05/2014,117.28,1950.03
Daily,29/05/2014,118.71,1955.68
Daily,30/05/2014,118.74,1956.61
Daily,02/06/2014,119.2,1960.05
Daily,03/06/2014,118.61,1956.49
Daily,04/06/2014,118.53,1956.66
Daily,05/06/2014,120.17,1961.57
Daily,06/06/2014,121.47,1973.22
Daily,09/06/2014,121.21,1974.15
Daily,10/06/2014,120.69,1973.02
Daily,11/06/2014,119.47,1969.74
Daily,12/06/2014,119.53,1971.83
Daily,13/06/2014,119.69,1967.38
Daily,16/06/2014,119.75,1963.72
Daily,17/06/2014,119.57,1962.86
Daily,18/06/2014,121.62,1967.26
Daily,19/06/2014,122.93,1992.69
Daily,20/06/2014,122.5,1983.81
Daily,23/06/2014,121.83,1980
Daily,24/06/2014,120.3,1976.09
Daily,25/06/2014,120.2,1963.74
Daily,26/06/2014,120.38,1963.27
Daily,27/06/2014,120.58,1966.2
Daily,30/06/2014,120.71,1972.12
Daily,01/07/2014,122.81,1986.04
Daily,02/07/2014,123.19,1990.23
Daily,03/07/2014,123.79,1995.49
Daily,07/07/2014,121.75,1981.35
Daily,08/07/2014,119.19,1964.55
Daily,09/07/2014,119.95,1963.23
Daily,10/07/2014,117.3,1943.93
Daily,11/07/2014,117.43,1945.31
Daily,14/07/2014,119.15,1962.21
Daily,15/07/2014,118.55,1954
Daily,16/07/2014,120.01,1968.84
Daily,17/07/2014,116.96,1954.86
Daily,18/07/2014,118.79,1951.72
Daily,21/07/2014,117.9,1946.79
Daily,22/07/2014,118.95,1961.82
Daily,23/07/2014,119.43,1964.86
Daily,24/07/2014,119.98,1969.28
Daily,25/07/2014,118.99,1960
Daily,28/07/2014,119.01,1959.79
Daily,29/07/2014,118.52,1960.95
Daily,30/07/2014,118.15,1949.32
Daily,31/07/2014,114.2,1932.66
Daily,01/08/2014,112.68,1918.14
Daily,04/08/2014,113.66,1912.21
Daily,05/08/2014,110.75,1905.08
Daily,06/08/2014,110.19,1890.97
Daily,07/08/2014,108.37,1883.08
Daily,08/08/2014,109.63,1870.16
Daily,11/08/2014,110.46,1891.55
Daily,12/08/2014,110.29,1889.77
Daily,13/08/2014,111.52,1897.81
Daily,14/08/2014,112.67,1904.96
Daily,15/08/2014,112.46,1900.52
Daily,18/08/2014,113.91,1913.59
Daily,19/08/2014,114.39,1919.99
Daily,20/08/2014,113.73,1915.17
Daily,21/08/2014,114.68,1924.4
Daily,22/08/2014,113.58,1913.58
Daily,25/08/2014,115.04,1925.98
Daily,26/08/2014,115.06,1933.4
Daily,27/08/2014,115.49,1936.08
Daily,28/08/2014,114.45,1922.93
Daily,29/08/2014,114.34,1924.62
Daily,02/09/2014,114.75,1923.36
Daily,03/09/2014,116.36,1937.3
Daily,04/09/2014,115.25,1932.59
Daily,05/09/2014,115.27,1925.58
Daily,08/09/2014,112.82,1917.07
Daily,09/09/2014,112.16,1905.6
Daily,10/09/2014,113.41,1903.36
Daily,11/09/2014,112.12,1903.85
Daily,12/09/2014,111.8,1900.57
Daily,15/09/2014,111.31,1897.3
Daily,16/09/2014,112.26,1892.01
Daily,17/09/2014,110.65,1895.61
Daily,18/09/2014,112.33,1903.37
Daily,19/09/2014,111.53,1901
Daily,22/09/2014,110.54,1888.37
Daily,23/09/2014,108.66,1876.31
Daily,24/09/2014,109.72,1877.13
Daily,25/09/2014,106.5,1866.41
Daily,26/09/2014,107.39,1856.03
Daily,29/09/2014,105.39,1848.19
Daily,30/09/2014,105.22,1846.08
Daily,01/10/2014,102.71,1830.55
Daily,02/10/2014,100.5,1799.52
Daily,03/10/2014,100.53,1792.34
Daily,06/10/2014,101.77,1807.95
Daily,07/10/2014,98.31,1798.85
Daily,08/10/2014,101.41,1787.01
Daily,09/10/2014,95.96,1786.21
Daily,10/10/2014,93.06,1748.97
Daily,13/10/2014,92.8,1755.84
Daily,14/10/2014,93.26,1746.9
Daily,15/10/2014,92.15,1726.59
Daily,16/10/2014,90.41,1714.64
Daily,17/10/2014,93.78,1737.51
Daily,20/10/2014,94.95,1747.88
Daily,21/10/2014,97.22,1763.08
Daily,22/10/2014,95.79,1775.06
Daily,23/10/2014,97.63,1776.57
Daily,24/10/2014,98.7,1778.62
Daily,27/10/2014,97.58,1781.35
Daily,28/10/2014,100.55,1795.37
Daily,29/10/2014,99.01,1805.63
Daily,30/10/2014,100.43,1798.61
Daily,31/10/2014,104.14,1818.35
Daily,03/11/2014,102.34,1795.74
Daily,04/11/2014,101.17,1805.73
Daily,05/11/2014,101.55,1811.71
Daily,06/11/2014,100.45,1804.1
Daily,07/11/2014,100.54,1798.65
Daily,10/11/2014,101.43,1810.5
Daily,11/11/2014,102.64,1814.16
Daily,12/11/2014,100.89,1808.76
Daily,13/11/2014,101.84,1812.6
Daily,14/11/2014,102.13,1813.19
Daily,17/11/2014,101.31,1805.14
Daily,18/11/2014,103.53,1826.15
Daily,19/11/2014,102.9,1820.89
Daily,20/11/2014,101.66,1815.14
Daily,21/11/2014,103.43,1831.2
Daily,24/11/2014,104.61,1832.96
Daily,25/11/2014,104.97,1842.26
Daily,26/11/2014,105.78,1848.79
Daily,28/11/2014,104.07,1839.73
Daily,01/12/2014,103.87,1834.49
Daily,02/12/2014,104.45,1834.33
Daily,03/12/2014,104.21,1831.41
Daily,04/12/2014,103.49,1830.28
Daily,05/12/2014,103.95,1832.11
Daily,08/12/2014,102.12,1824.74
Daily,09/12/2014,101.02,1811.38
Daily,10/12/2014,98.45,1797.34
Daily,11/12/2014,98.19,1787.39
Daily,12/12/2014,94.45,1767.09
Daily,15/12/2014,91.25,1729.49
Daily,16/12/2014,92.51,1752.52
Daily,17/12/2014,94.72,1740.95
Daily,18/12/2014,98.09,1767.33
Daily,19/12/2014,98.37,1782.04
Daily,22/12/2014,99.32,1789.81
Daily,23/12/2014,98.67,1784.58
Daily,24/12/2014,99.57,1790.61
Daily,26/12/2014,100.07,1789.92
Daily,29/12/2014,98.6,1793.46
Daily,30/12/2014,96.61,1778.04
Daily,31/12/2014,95.4,1774.89
Daily,02/01/2015,94.58,1762.42
Daily,05/01/2015,90.1,1726.41
Daily,06/01/2015,88.05,1705.93
Daily,07/01/2015,90.01,1697.01
Daily,08/01/2015,92.44,1733.84
Daily,09/01/2015,91.53,1729.52
Daily,12/01/2015,91.1,1734.47
Daily,13/01/2015,92.01,1745.96
Daily,14/01/2015,91.48,1727.98
Daily,15/01/2015,92.65,1744.97
Daily,16/01/2015,95.06,1741.9
Daily,20/01/2015,95.7,1767.6
Daily,21/01/2015,97.2,1778.67
Daily,22/01/2015,97.96,1780.11
Daily,23/01/2015,96.81,1787.71
Daily,26/01/2015,99.46,1792.5
Daily,27/01/2015,99.74,1807.62
Daily,28/01/2015,96.76,1802.63
Daily,29/01/2015,99.41,1792.03
Daily,30/01/2015,96.24,1782.7
Daily,02/02/2015,98.58,1791.11
Daily,03/02/2015,101.73,1805.81
Daily,04/02/2015,100.04,1818.96
Daily,05/02/2015,102.8,1820.75
Daily,06/02/2015,100.2,1812.12
Daily,09/02/2015,99.26,1805.67
Daily,10/02/2015,101.07,1808.94
Daily,11/02/2015,99.97,1798.26
Daily,12/02/2015,103.04,1822.82
Daily,13/02/2015,104.43,1839.35
Daily,17/02/2015,104.9,1841.54
Daily,18/02/2015,106.14,1854.76
Daily,19/02/2015,106.4,1863.88
Daily,20/02/2015,108.37,1866.73
Daily,23/02/2015,107.59,1874.42
Daily,24/02/2015,108.92,1880.66
Daily,25/02/2015,109.08,1884.08
Daily,26/02/2015,108.47,1880.83
Daily,27/02/2015,108.47,1886.26
Daily,02/03/2015,108.89,1879.48
Daily,03/03/2015,107.55,1870.03
Daily,04/03/2015,106.68,1862.02
Daily,05/03/2015,107.17,1865.56
Daily,06/03/2015,104.25,1848.59
Daily,09/03/2015,104.57,1838.61
Daily,10/03/2015,100,1807.49
Daily,11/03/2015,100.51,1807.92
Daily,12/03/2015,103,1821.87
Daily,13/03/2015,101.8,1815.84
Daily,16/03/2015,104.08,1832.5
Daily,17/03/2015,103.55,1831.17
Daily,18/03/2015,107.98,1845.08
Daily,19/03/2015,105.46,1851.01
Daily,20/03/2015,110.12,1887.31
Daily,23/03/2015,111.22,1900.84
Daily,24/03/2015,110.79,1900.9
Daily,25/03/2015,109.67,1900.12
Daily,26/03/2015,107.79,1874.56
Daily,27/03/2015,108.32,1869.83
Daily,30/03/2015,108.44,1871.18
Daily,31/03/2015,105.07,1849.34
Daily,01/04/2015,106.58,1851.87
Daily,02/04/2015,108.41,1870.36
Daily,06/04/2015,110.52,1890.81
Daily,07/04/2015,110.29,1895.36
Daily,08/04/2015,111.22,1893.81
Daily,09/04/2015,111.52,1895.75
Daily,10/04/2015,111.95,1901.28
Daily,13/04/2015,110.52,1894.35
Daily,14/04/2015,112.16,1909.49
Daily,15/04/2015,113.17,1904.4
Daily,16/04/2015,113.78,1912.32
Daily,17/04/2015,110.92,1896.06
Daily,20/04/2015,111.14,1897.83
Daily,21/04/2015,113.13,1911.14
Daily,22/04/2015,113.56,1910.67
Daily,23/04/2015,114.4,1916.35
Daily,24/04/2015,115.73,1931.94
Daily,27/04/2015,116.92,1948.2
Daily,28/04/2015,117.12,1945.58
Daily,29/04/2015,115.08,1933.97
Daily,30/04/2015,112.65,1918.4
Daily,01/05/2015,114.85,1913.01
Daily,04/05/2015,114.91,1913.44
Daily,05/05/2015,111.49,1899.83
Daily,06/05/2015,112.05,1911.03
Daily,07/05/2015,111.31,1893.01
Daily,08/05/2015,116.46,1925.44
Daily,11/05/2015,114.42,1923.63
Daily,12/05/2015,114.28,1920.31
Daily,13/05/2015,115.98,1935.97
Daily,14/05/2015,118.75,1942.47
Daily,15/05/2015,119.02,1949.49
Daily,18/05/2015,118.21,1946.75
Daily,19/05/2015,117.31,1936.2
Daily,20/05/2015,117.75,1938.4
Daily,21/05/2015,118.98,1948.41
Daily,22/05/2015,117.45,1935.25
Daily,26/05/2015,113.19,1906.44
Daily,27/05/2015,115.42,1915.7
Daily,28/05/2015,115,1913.47
Daily,29/05/2015,112.77,1898.98
Daily,01/06/2015,112.12,1891.21
Daily,02/06/2015,113.19,1903.56
Daily,03/06/2015,114.44,1917.15
Daily,04/06/2015,111.98,1903.57
Daily,05/06/2015,109.45,1865.8
Daily,08/06/2015,109,1863.69
Daily,09/06/2015,107.8,1858.46
Daily,10/06/2015,112.32,1892.67
Daily,11/06/2015,112.93,1895.53
Daily,12/06/2015,111.12,1890.67
Daily,15/06/2015,109.77,1867.94
Daily,16/06/2015,109.7,1870.17
Daily,17/06/2015,109.2,1860.35
Daily,18/06/2015,111.16,1881.39
Daily,19/06/2015,110.62,1882.91
Daily,22/06/2015,114.81,1922.7
Daily,23/06/2015,115.4,1919.64
Daily,24/06/2015,113.41,1913.5
Daily,25/06/2015,113.31,1910.1
Daily,26/06/2015,113.2,1898.82
Daily,29/06/2015,106.22,1855.33
Daily,30/06/2015,105.45,1842.46
Daily,01/07/2015,106.81,1856.1
Daily,02/07/2015,107.07,1856.46
Daily,06/07/2015,102.75,1819.88
Daily,07/07/2015,102.81,1792.57
Daily,08/07/2015,98.01,1791.73
Daily,09/07/2015,101.24,1816.19
Daily,10/07/2015,107.86,1851.94
Daily,13/07/2015,108.66,1862.96
Daily,14/07/2015,110.47,1877.93
Daily,15/07/2015,109.65,1878.51
Daily,16/07/2015,111.54,1893.99
Daily,17/07/2015,111.16,1889.53
Daily,20/07/2015,111.73,1893.38
Daily,21/07/2015,111.07,1894.42
Daily,22/07/2015,109.36,1872.35
Daily,23/07/2015,108.78,1877.14
Daily,24/07/2015,106.38,1861.03
Daily,27/07/2015,104.81,1846.85
Daily,28/07/2015,107.44,1848.58
Daily,29/07/2015,108.2,1861.95
Daily,30/07/2015,108.03,1858.97
Daily,31/07/2015,109.3,1879.75
Daily,03/08/2015,108.72,1877.37
Daily,04/08/2015,108.88,1876.74
Daily,05/08/2015,110.02,1878.5
Daily,06/08/2015,109.1,1875.28
Daily,07/08/2015,108.68,1868.64
Daily,10/08/2015,111.33,1883.89
Daily,11/08/2015,107.92,1865.51
Daily,12/08/2015,106.38,1842.68
Daily,13/08/2015,106.24,1845.58
Daily,14/08/2015,106.57,1840.94
Daily,17/08/2015,106.16,1840.93
Daily,18/08/2015,104.56,1835.21
Daily,19/08/2015,102.7,1811.33
Daily,20/08/2015,97.73,1795.2
Daily,21/08/2015,93.25,1756.65
Daily,24/08/2015,86.8,1696.81
Daily,25/08/2015,88.45,1714.3
Daily,26/08/2015,92.63,1706.17
Daily,27/08/2015,94.88,1731.13
Daily,28/08/2015,94.6,1747.84
Daily,31/08/2015,93.18,1736.81
Daily,01/09/2015,86.92,1694.6
Daily,02/09/2015,89.48,1689.9
Daily,03/09/2015,89.9,1704.05
Daily,04/09/2015,85.78,1671.12
Daily,08/09/2015,90.82,1691.38
Daily,09/09/2015,90.08,1730.59
Daily,10/09/2015,91.27,1710.23
Daily,11/09/2015,91.24,1704.82
Daily,14/09/2015,89.85,1697.79
Daily,15/09/2015,91.06,1701.52
Daily,16/09/2015,93.85,1728.45
Daily,17/09/2015,93.94,1731.97
Daily,18/09/2015,89.24,1713.96
Daily,21/09/2015,89.14,1698.97
Daily,22/09/2015,84.89,1658.34
Daily,23/09/2015,84.09,1654.31
Daily,24/09/2015,83.61,1639.29
Daily,25/09/2015,85.08,1660.74
Daily,28/09/2015,81.73,1638.09
Daily,29/09/2015,81.49,1609.5
Daily,30/09/2015,84.6,1644.4
Daily,01/10/2015,85.12,1654.98
Daily,02/10/2015,88.01,1668.87
Daily,05/10/2015,91.48,1702.14
Daily,06/10/2015,91.7,1719.73
Daily,07/10/2015,93.99,1729.51
Daily,08/10/2015,95.48,1733.56
Daily,09/10/2015,95.81,1758.17
Daily,12/10/2015,95.43,1758.07
Daily,13/10/2015,93.02,1741.44
Daily,14/10/2015,93.38,1731.71
Daily,15/10/2015,96.57,1753.89
Daily,16/10/2015,96.41,1763.18
Daily,19/10/2015,95.73,1754.61
Daily,20/10/2015,94.94,1751.2
Daily,21/10/2015,94.85,1758.67
Daily,22/10/2015,96.97,1759.62
Daily,23/10/2015,98.89,1777.37
Daily,26/10/2015,98.15,1779.25
Daily,27/10/2015,96.43,1764.2
Daily,28/10/2015,97.68,1776.71
Daily,29/10/2015,96.25,1759.41
Daily,30/10/2015,95.84,1771.66
Daily,02/11/2015,97.65,1763.33
Daily,03/11/2015,97.59,1761.3
Daily,04/11/2015,96.51,1761.35
Daily,05/11/2015,96.16,1758.31
Daily,06/11/2015,95.27,1743.48
Daily,09/11/2015,93.29,1735.72
Daily,10/11/2015,93.16,1729.29
Daily,11/11/2015,94.12,1743.29
Daily,12/11/2015,91.66,1728.63
Daily,13/11/2015,90.13,1712.18
Daily,16/11/2015,92.31,1706.61
Daily,17/11/2015,92.89,1733.61
Daily,18/11/2015,94.58,1731.12
Daily,19/11/2015,95.54,1757.35
Daily,20/11/2015,95.1,1754.65
Daily,23/11/2015,93.9,1743.74
Daily,24/11/2015,93.93,1734.05
Daily,25/11/2015,94.39,1740.07
Daily,27/11/2015,94.35,1746.06
Daily,30/11/2015,94.22,1741.01
Daily,01/12/2015,96.21,1753.86
Daily,02/12/2015,94.26,1748.11
Daily,03/12/2015,93.28,1740.66
Daily,04/12/2015,94.76,1731.7
Daily,07/12/2015,93.59,1734.43
Daily,08/12/2015,90.77,1709.78
Daily,09/12/2015,89.95,1713.39
Daily,10/12/2015,89.98,1705.53
Daily,11/12/2015,86.55,1690.15
Daily,14/12/2015,86.81,1665.74
Daily,15/12/2015,87.68,1674.35
Daily,16/12/2015,91.2,1693.54
Daily,17/12/2015,88.89,1699.97
Daily,18/12/2015,87.13,1687.21
Daily,21/12/2015,87.79,1682.53
Daily,22/12/2015,89.14,1689.25
Daily,23/12/2015,92.12,1710.79
Daily,24/12/2015,91.8,1721.54
Daily,28/12/2015,91.36,1717.89
Daily,29/12/2015,93.18,1731.54
Daily,30/12/2015,92.06,1727.47
Daily,31/12/2015,89.66,1716.28
Daily,04/01/2016,86.74,1671.89
Daily,05/01/2016,86.53,1666.74
Daily,06/01/2016,83.68,1649.95
Daily,07/01/2016,80.2,1622.58
Daily,08/01/2016,78.26,1610.75
Daily,11/01/2016,78.91,1600.97
Daily,12/01/2016,79.67,1593.45
Daily,13/01/2016,77.16,1611.86
Daily,14/01/2016,79.13,1583.71
Daily,15/01/2016,73.29,1565.24
Daily,19/01/2016,74.74,1565.21
Daily,20/01/2016,71.39,1517.92
Daily,21/01/2016,72.39,1518.55
Daily,22/01/2016,76.65,1568.31
Daily,25/01/2016,74.57,1568.5
Daily,26/01/2016,77.25,1570.14
Daily,27/01/2016,76.26,1585.31
Daily,28/01/2016,76.7,1574.55
Daily,29/01/2016,79.4,1591.46
Daily,01/02/2016,79.22,1604.89
Daily,02/02/2016,75.53,1580.86
Daily,03/02/2016,76.75,1570.57
Daily,04/02/2016,77.01,1584.26
Daily,05/02/2016,74.62,1566.75
Daily,08/02/2016,71.9,1538.65
Daily,09/02/2016,70.21,1515.44
Daily,10/02/2016,70.04,1512.3
Daily,11/02/2016,67.97,1495.39
Daily,12/02/2016,70.35,1492.43
Daily,16/02/2016,73.27,1539.74
Daily,17/02/2016,75.72,1559.44
Daily,18/02/2016,74.91,1568.71
Daily,19/02/2016,74.74,1557.03
Daily,22/02/2016,76.43,1573.09
Daily,23/02/2016,73.93,1559.57
Daily,24/02/2016,73.4,1532.65
Daily,25/02/2016,75.15,1554.15
Daily,26/02/2016,74.76,1558.08
Daily,29/02/2016,73.78,1558.17
Daily,01/03/2016,77.64,1572.37
Daily,02/03/2016,78.79,1595.68
Daily,03/03/2016,80.32,1611.7
Daily,04/03/2016,81.47,1628.83
Daily,07/03/2016,81.29,1622.66
Daily,08/03/2016,79.7,1616.48
Daily,09/03/2016,80.29,1614.98
Daily,10/03/2016,80.03,1612.15
Daily,11/03/2016,84.21,1644.94
Daily,14/03/2016,83.85,1652.88
Daily,15/03/2016,82.26,1637.93
Daily,16/03/2016,83.71,1628.64
Daily,17/03/2016,84.94,1663.75
Daily,18/03/2016,84.7,1660.5
Daily,21/03/2016,84.43,1652.93
Daily,22/03/2016,84.13,1654.79
Daily,23/03/2016,82.42,1642.18
Daily,24/03/2016,81.31,1619.41
Daily,28/03/2016,82.28,1631.5
Daily,29/03/2016,84.02,1629.63
Daily,30/03/2016,85.21,1660.68
Daily,31/03/2016,83.52,1652.04
Daily,01/04/2016,81.85,1616.23
Daily,04/04/2016,81.58,1627.24
Daily,05/04/2016,78.28,1595.94
Daily,06/04/2016,80.8,1606.58
Daily,07/04/2016,78.44,1607.81
Daily,08/04/2016,81.48,1625.36
Daily,11/04/2016,81.53,1632.04
Daily,12/04/2016,83.95,1636.94
Daily,13/04/2016,86.6,1666.61
Daily,14/04/2016,87.16,1682.93
Daily,15/04/2016,86.81,1682.11
Daily,18/04/2016,88.23,1676.85
Daily,19/04/2016,91.28,1712.19
Daily,20/04/2016,91.42,1715.02
Daily,21/04/2016,90.32,1716.51
Daily,22/04/2016,90.41,1703.27
Daily,25/04/2016,89.49,1699.75
Daily,26/04/2016,90.12,1701.75
Daily,27/04/2016,90.2,1698.01
Daily,28/04/2016,87.84,1698.26
Daily,29/04/2016,87.02,1693.18
Daily,02/05/2016,88.66,1686.62
Daily,03/05/2016,85.74,1668.64
Daily,04/05/2016,83.75,1647.99
Daily,05/05/2016,83.48,1641.61
Daily,06/05/2016,83.86,1639.22
Daily,09/05/2016,83.5,1638.21
Daily,10/05/2016,85.83,1654.61
Daily,11/05/2016,84.4,1654.77
Daily,12/05/2016,84.34,1645.55
Daily,13/05/2016,82.61,1631.71
Daily,16/05/2016,84.57,1637.84
Daily,17/05/2016,83.42,1644.07
Daily,18/05/2016,83.38,1643.41
Daily,19/05/2016,82.18,1619.49
Daily,20/05/2016,83.51,1634.29
Daily,23/05/2016,82.97,1628.84
Daily,24/05/2016,85.39,1642.3
Daily,25/05/2016,87.18,1661.57
Daily,26/05/2016,87.66,1669.84
Daily,27/05/2016,87.47,1668.76
Daily,31/05/2016,86.63,1667.84
Daily,01/06/2016,86.48,1659.87
Daily,02/06/2016,86.47,1652.98
Daily,03/06/2016,87.59,1670.89
Daily,06/06/2016,88.51,1676.98
Daily,07/06/2016,89.8,1693.07
Daily,08/06/2016,90.22,1697.11
Daily,09/06/2016,88,1675.32
Daily,10/06/2016,82.88,1640.92
Daily,13/06/2016,80.47,1609.73
Daily,14/06/2016,77.89,1576.22
Daily,15/06/2016,78.93,1589.69
Daily,16/06/2016,79.21,1568.83
Daily,17/06/2016,80.82,1595.33
Daily,20/06/2016,84.82,1653.19
Daily,21/06/2016,86.19,1659.04
Daily,22/06/2016,86.08,1661.48
Daily,23/06/2016,90.85,1687.04
Daily,24/06/2016,75.28,1567.26
Daily,27/06/2016,72.4,1520.94
Daily,28/06/2016,76.16,1546.73
Daily,29/06/2016,78.94,1593.67
Daily,30/06/2016,81.25,1608.45
Daily,01/07/2016,81.28,1620.63
Daily,05/07/2016,78.13,1599.17
Daily,06/07/2016,77.78,1573.3
Daily,07/07/2016,77.26,1583.06
Daily,08/07/2016,79.53,1592.1
Daily,11/07/2016,81.88,1618.64
Daily,12/07/2016,84.1,1636.87
Daily,13/07/2016,84,1645.85
Daily,14/07/2016,85.33,1654.42
Daily,15/07/2016,84.44,1650.14
Daily,18/07/2016,84.84,1652.81
Daily,19/07/2016,83.53,1643.42
Daily,20/07/2016,85.06,1653.6
Daily,21/07/2016,84.37,1657.14
Daily,22/07/2016,84.75,1650.2
Daily,25/07/2016,84.45,1651.81
Daily,26/07/2016,85.19,1655.44
Daily,27/07/2016,85.72,1660.26
Daily,28/07/2016,85.63,1658.16
Daily,29/07/2016,87.59,1689.12
Daily,01/08/2016,86.5,1682.28
Daily,02/08/2016,85.62,1671.01
Daily,03/08/2016,85.02,1653.5
Daily,04/08/2016,85.99,1663.5
Daily,05/08/2016,86.77,1665.32
Daily,08/08/2016,87.12,1675
Daily,09/08/2016,88.5,1694.98
Daily,10/08/2016,89.03,1699.65
Daily,11/08/2016,90.3,1708.32
Daily,12/08/2016,89.84,1710.73
Daily,15/08/2016,90.57,1710.74
Daily,16/08/2016,90.26,1704.21
Daily,17/08/2016,90.19,1701.33
Daily,18/08/2016,91.1,1707.9
Daily,19/08/2016,89.78,1699.76
Daily,22/08/2016,89.93,1702.3
Daily,23/08/2016,90.69,1711.62
Daily,24/08/2016,90.26,1709.15
Daily,25/08/2016,89.49,1702.17
Daily,26/08/2016,88.47,1702.43
Daily,29/08/2016,88.98,1688.25
Daily,30/08/2016,88.74,1688.95
Daily,31/08/2016,88.37,1685.57
Daily,01/09/2016,89.57,1694.5
Daily,02/09/2016,91.64,1709.97
Daily,06/09/2016,92.87,1729.51
Daily,07/09/2016,92.95,1734.72
Daily,08/09/2016,92.43,1732.92
Daily,09/09/2016,88.84,1707.27
Daily,12/09/2016,90.29,1689.24
Daily,13/09/2016,86.65,1677.36
Daily,14/09/2016,86.41,1672.74
Daily,15/09/2016,87.9,1676.17
Daily,16/09/2016,85.63,1664.77
Daily,19/09/2016,86.52,1681.46
Daily,20/09/2016,87.57,1681.39
Daily,21/09/2016,90.63,1699.17
Daily,22/09/2016,92.47,1728.08
Daily,23/09/2016,90.91,1716.74
Daily,26/09/2016,89.22,1701.61
Daily,27/09/2016,90.07,1699.95
Daily,28/09/2016,91.34,1698.9
Daily,29/09/2016,89.06,1706.64
Daily,30/09/2016,90.46,1701.69
Daily,03/10/2016,89.96,1703.01
Daily,04/10/2016,89.92,1704.84
Daily,05/10/2016,90.65,1701.4
Daily,06/10/2016,89.67,1694.91
Daily,07/10/2016,88.75,1688.4
Daily,10/10/2016,89.26,1693.31
Daily,11/10/2016,86.74,1677.74
Daily,12/10/2016,86.34,1662.27
Daily,13/10/2016,85.68,1654.37
Daily,14/10/2016,85.97,1664.72
Daily,17/10/2016,85.46,1656.98
Daily,18/10/2016,87.16,1673.8
Daily,19/10/2016,87.63,1680.4
Daily,20/10/2016,87.89,1679.83
Daily,21/10/2016,87.5,1672.45
Daily,24/10/2016,87.46,1672.93
Daily,25/10/2016,87.34,1670.87
Daily,26/10/2016,86.55,1672.41
Daily,27/10/2016,86.34,1667.18
Daily,28/10/2016,86.27,1665.62
Daily,31/10/2016,86.36,1665.72
Daily,01/11/2016,85.6,1665.31
Daily,02/11/2016,84.44,1655.89
Daily,03/11/2016,84.26,1652.61
Daily,04/11/2016,82.63,1639.26
Daily,07/11/2016,84.9,1647.75
Daily,08/11/2016,85.36,1652.93
Daily,09/11/2016,85.51,1636.07
Daily,10/11/2016,85.03,1645.7
Daily,11/11/2016,83.99,1640.05
Daily,14/11/2016,83.06,1627.39
Daily,15/11/2016,83.79,1629.81
Daily,16/11/2016,82.03,1624.35
Daily,17/11/2016,83.28,1632.66
Daily,18/11/2016,81.46,1614.17
Daily,21/11/2016,82.84,1625.14
Daily,22/11/2016,83.24,1625.78
Daily,23/11/2016,82.65,1615.72
Daily,25/11/2016,83.14,1634.44
Daily,28/11/2016,82.26,1628.23
Daily,29/11/2016,83.3,1631.61
Daily,30/11/2016,83.12,1629.67
Daily,01/12/2016,82.47,1630.99
Daily,02/12/2016,82.88,1630.61
Daily,05/12/2016,84.51,1637.16
Daily,06/12/2016,85.65,1653.06
Daily,07/12/2016,88.2,1672.71
Daily,08/12/2016,88.04,1675.19
Daily,09/12/2016,88.79,1677.89
Daily,12/12/2016,88,1681.67
Daily,13/12/2016,89.89,1698.42
Daily,14/12/2016,87.24,1695.91
Daily,15/12/2016,86.84,1664.36
Daily,16/12/2016,86.96,1668.6
Daily,19/12/2016,86.68,1674.45
Daily,20/12/2016,87.27,1670.71
Daily,21/12/2016,87.31,1674.08
Daily,22/12/2016,86.91,1674.36
Daily,23/12/2016,87.36,1674.56
Daily,27/12/2016,87.14,1672.29
Daily,28/12/2016,86.46,1669.42
Daily,29/12/2016,86.88,1675.3
Daily,30/12/2016,87.48,1684
Daily,03/01/2017,88.56,1676.93
Daily,04/01/2017,90.56,1698.87
Daily,05/01/2017,92.1,1721.77
Daily,06/01/2017,91.47,1713.87
Daily,09/01/2017,91.18,1708.56
Daily,10/01/2017,91.2,1714.76
Daily,11/01/2017,92.15,1703.2
Daily,12/01/2017,92.42,1722.24
Daily,13/01/2017,93.1,1727.83
Daily,17/01/2017,92.41,1722.22
Daily,18/01/2017,91.86,1725.01
Daily,19/01/2017,91.39,1712.23
Daily,20/01/2017,92.44,1719.58
Daily,23/01/2017,92.9,1723.68
Daily,24/01/2017,93.36,1725.34
Daily,25/01/2017,95.28,1741.71
Daily,26/01/2017,94.52,1739.53
Daily,27/01/2017,94.2,1741.72
Daily,30/01/2017,92.84,1730.4
Daily,31/01/2017,93.12,1732.38
Daily,01/02/2017,93.86,1734.66
Daily,02/02/2017,93.94,1736.42
Daily,03/02/2017,94.69,1741.84
Daily,06/02/2017,93.33,1730.56
Daily,07/02/2017,93.14,1727.46
Daily,08/02/2017,93.44,1737.66
Daily,09/02/2017,94.22,1734.2
Daily,10/02/2017,94.65,1741.28
Daily,13/02/2017,95.4,1749.06
Daily,14/02/2017,95.11,1737.95
Daily,15/02/2017,95.81,1749
Daily,16/02/2017,96.25,1759.39
Daily,17/02/2017,95.74,1754.94
Daily,21/02/2017,96.36,1753.95
Daily,22/02/2017,96.35,1757.43
Daily,23/02/2017,96.75,1764.17
Daily,24/02/2017,95.35,1750.52
Daily,27/02/2017,95.47,1749.63
Daily,28/02/2017,95.18,1753.09
Daily,01/03/2017,97.15,1760.15
Daily,02/03/2017,95.87,1758.48
Daily,03/03/2017,97.01,1757.25
Daily,06/03/2017,96.39,1757.41
Daily,07/03/2017,95.72,1752.68
Daily,08/03/2017,95.01,1746.18
Daily,09/03/2017,95.73,1747.85
Daily,10/03/2017,97.34,1763.9
Daily,13/03/2017,98.35,1772.27
Daily,14/03/2017,96.84,1765.06
Daily,15/03/2017,99.59,1768.55
Daily,16/03/2017,100.55,1796.8
Daily,17/03/2017,101.07,1798.96
Daily,20/03/2017,100.64,1799.12
Daily,21/03/2017,99.72,1800.33
Daily,22/03/2017,99.74,1784.8
Daily,23/03/2017,100.19,1793
Daily,24/03/2017,100.73,1797.68
Daily,27/03/2017,101.24,1797.83
Daily,28/03/2017,102.21,1812.06
Daily,29/03/2017,102.2,1802.03
Daily,30/03/2017,101.47,1802.11
Daily,31/03/2017,101.17,1792.98
Daily,03/04/2017,100.87,1786.04
Daily,04/04/2017,100.8,1786.67
Daily,05/04/2017,99.72,1785.58
Daily,06/04/2017,99.75,1780.44
Daily,07/04/2017,99.61,1780.11
Daily,10/04/2017,99.37,1780.17
Daily,11/04/2017,100.28,1786.97
Daily,12/04/2017,100.11,1785.4
Daily,13/04/2017,98.81,1779.86
Daily,17/04/2017,100.01,1787.58
Daily,18/04/2017,99.11,1774.47
Daily,19/04/2017,98.28,1774.81
Daily,20/04/2017,99.85,1783.67
Daily,21/04/2017,99.96,1780.77
Daily,24/04/2017,105.01,1825.77
Daily,25/04/2017,106.49,1836.11
Daily,26/04/2017,105.87,1839.04
Daily,27/04/2017,106.07,1835.96
Daily,28/04/2017,105.83,1833.7
Daily,01/05/2017,106.68,1838.76
Daily,02/05/2017,107.77,1846.51
Daily,03/05/2017,107.31,1844.03
Daily,04/05/2017,109.35,1853.24
Daily,05/05/2017,111.77,1864.91
Daily,08/05/2017,110.09,1866.94
Daily,09/05/2017,109.54,1860.67
Daily,10/05/2017,109.85,1862.8
Daily,11/05/2017,109.31,1858.52
Daily,12/05/2017,110.51,1867.96
Daily,15/05/2017,111.62,1874.57
Daily,16/05/2017,113.04,1889.46
Daily,17/05/2017,110.45,1884.27
Daily,18/05/2017,110.82,1868.75
Daily,19/05/2017,113.39,1882.75
Daily,22/05/2017,113.65,1893.33
Daily,23/05/2017,113.67,1892.43
Daily,24/05/2017,113.78,1887.64
Daily,25/05/2017,113.78,1892.43
Daily,26/05/2017,113.12,1885.37
Daily,30/05/2017,112.86,1883.32
Daily,31/05/2017,113.12,1890.06
Daily,01/06/2017,114.58,1894.62
Daily,02/06/2017,117.09,1916.37
Daily,05/06/2017,115.79,1911.41
Daily,06/06/2017,115.12,1904.45
Daily,07/06/2017,115.17,1903.87
Daily,08/06/2017,114.75,1894.49
Daily,09/06/2017,113.87,1892.97
Daily,12/06/2017,113.01,1886.34
Daily,13/06/2017,114.74,1895.77
Daily,14/06/2017,114.54,1905.83
Daily,15/06/2017,112.16,1877.04
Daily,16/06/2017,114.06,1892.93
Daily,19/06/2017,114.98,1901.8
Daily,20/06/2017,113.12,1887.76
Daily,21/06/2017,112.82,1882.65
Daily,22/06/2017,112.78,1886.03
Daily,23/06/2017,113.33,1889.22
Daily,26/06/2017,113.7,1894.5
Daily,27/06/2017,113.66,1892.88
Daily,28/06/2017,115.62,1901.15
Daily,29/06/2017,113.32,1895.75
Daily,30/06/2017,113.45,1883.19
Daily,03/07/2017,113.16,1887.67
Daily,05/07/2017,113.14,1883.6
Daily,06/07/2017,112.12,1882.57
Daily,07/07/2017,112.15,1874.1
Daily,10/07/2017,112.69,1880.45
Daily,11/07/2017,113.2,1878.38
Daily,12/07/2017,114.98,1900.88
Daily,13/07/2017,115.64,1904.89
Daily,14/07/2017,117.24,1918.74
Daily,17/07/2017,116.77,1920.25
Daily,18/07/2017,116.98,1921.05
Daily,19/07/2017,117.97,1926.13
Daily,20/07/2017,118.92,1937.82
Daily,21/07/2017,117.98,1927.65
Daily,24/07/2017,117.33,1919.96
Daily,25/07/2017,117.63,1925.72
Daily,26/07/2017,119.06,1929.37
Daily,27/07/2017,118.52,1936.45
Daily,28/07/2017,118.76,1931.73
Daily,31/07/2017,119.25,1936.91
Daily,01/08/2017,120.55,1953.1
Daily,02/08/2017,120.63,1952.51
Daily,03/08/2017,120.77,1955.39
Daily,04/08/2017,121.08,1947.62
Daily,07/08/2017,121.18,1953.73
Daily,08/08/2017,119.88,1948.24
Daily,09/08/2017,119.46,1937.94
Daily,10/08/2017,116.05,1927.41
Daily,11/08/2017,115.62,1916.65
Daily,14/08/2017,117.29,1924.36
Daily,15/08/2017,117.11,1918.82
Daily,16/08/2017,118.42,1926.26
Daily,17/08/2017,115.75,1926.32
Daily,18/08/2017,116.38,1916.68
Daily,21/08/2017,116.3,1917.84
Daily,22/08/2017,117.41,1920.7
Daily,23/08/2017,117.42,1921.7
Daily,24/08/2017,116.89,1919.54
Daily,25/08/2017,118.28,1927.8
Daily,28/08/2017,118.27,1930.95
Daily,29/08/2017,117.3,1925.57
Daily,30/08/2017,116.95,1918.77
Daily,31/08/2017,118.75,1930.82
Daily,01/09/2017,119.06,1938.37
Daily,05/09/2017,117.44,1933.12
Daily,06/09/2017,118.89,1934.55
Daily,07/09/2017,120.82,1948.88
Daily,08/09/2017,120.84,1953.56
Daily,11/09/2017,122.73,1965.49
Daily,12/09/2017,123.47,1970.23
Daily,13/09/2017,122.13,1965.15
Daily,14/09/2017,122.53,1959.03
Daily,15/09/2017,122.74,1964.3
Daily,18/09/2017,123.05,1966.49
Daily,19/09/2017,124.19,1978.24
Daily,20/09/2017,123.64,1981.48
Daily,21/09/2017,123.1,1969.27
Daily,22/09/2017,123.85,1977.61
Daily,25/09/2017,122.43,1970.22
Daily,26/09/2017,121.88,1955.99
Daily,27/09/2017,122.05,1953.51
Daily,28/09/2017,122.67,1963.44
Daily,29/09/2017,124.1,1973.81
Daily,02/10/2017,123.87,1971.41
Daily,03/10/2017,124.69,1977.9
Daily,04/10/2017,124.21,1977.25
Daily,05/10/2017,124.03,1973.69
Daily,06/10/2017,123.84,1972.37
Daily,09/10/2017,123.91,1976.31
Daily,10/10/2017,126.25,1990.28
Daily,11/10/2017,126.86,1992.53
Daily,12/10/2017,126.62,1995.67
Daily,13/10/2017,127.92,2004.05
Daily,16/10/2017,127.72,2004.69
Daily,17/10/2017,127.05,1996.16
Daily,18/10/2017,127.78,2000.93
Daily,19/10/2017,127.34,2005.96
Daily,20/10/2017,127.01,1997.73
Daily,23/10/2017,126.44,1996.72
Daily,24/10/2017,126.83,1994.8
Daily,25/10/2017,125.83,1991.22
Daily,26/10/2017,125.77,1992.11
Daily,27/10/2017,126.35,1990.66
Daily,30/10/2017,126.92,1999.96
Daily,31/10/2017,127.97,2002.54
Daily,01/11/2017,128.21,2009.45
Daily,02/11/2017,128.96,2013.79
Daily,03/11/2017,128.54,2008.53
Daily,06/11/2017,128.9,2006.92
Daily,07/11/2017,127.93,2007.87
Daily,08/11/2017,128.77,2012.9
Daily,09/11/2017,127.25,2002.55
Daily,10/11/2017,126.54,1999.57
Daily,13/11/2017,125.47,1985.4
Daily,14/11/2017,125.27,1984.63
Daily,15/11/2017,124.03,1973.83
Daily,16/11/2017,125.99,1985.58
Daily,17/11/2017,125.06,1986.15
Daily,20/11/2017,125.6,1988.09
Daily,21/11/2017,127.46,1996.05
Daily,22/11/2017,128.12,2005.56
Daily,24/11/2017,130.21,2022.85
Daily,27/11/2017,128.64,2015.8
Daily,28/11/2017,130.1,2014.7
Daily,29/11/2017,129.06,2016.84
Daily,30/11/2017,129.28,2020.13
Daily,01/12/2017,128.23,2003.72
Daily,04/12/2017,127.3,2010.79
Daily,05/12/2017,126.74,2006.33
Daily,06/12/2017,126.21,1994.17
Daily,07/12/2017,126.84,1997.81
Daily,08/12/2017,128.17,2005.31
Daily,11/12/2017,128.82,2015.01
Daily,12/12/2017,129.14,2016.22
Daily,13/12/2017,130.12,2019.81
Daily,14/12/2017,128.64,2016.52
Daily,15/12/2017,128.55,2007.97
Daily,18/12/2017,131.59,2037.85
Daily,19/12/2017,130.61,2029.07
Daily,20/12/2017,130.14,2028.64
Daily,21/12/2017,131.03,2033.66
Daily,22/12/2017,131.69,2032.69
Daily,26/12/2017,131.6,2034.63
Daily,27/12/2017,132.07,2041.29
Daily,28/12/2017,132.17,2043.31
Daily,29/12/2017,132.35,2050.79
Weekly,05/06/2009,55.72,1321.77
Weekly,12/06/2009,58.38,1347.5
Weekly,19/06/2009,54.72,1305.8
Weekly,26/06/2009,54.74,1305.82
Weekly,03/07/2009,52.78,1291.84
Weekly,10/07/2009,50,1251.92
Weekly,17/07/2009,56.41,1325.05
Weekly,24/07/2009,62.46,1387.3
Weekly,31/07/2009,65.28,1425.4
Weekly,07/08/2009,66.64,1445.18
Weekly,14/08/2009,67.2,1458.43
Weekly,21/08/2009,69.94,1473.47
Weekly,28/08/2009,71.84,1507.41
Weekly,04/09/2009,70.28,1471.12
Weekly,11/09/2009,76.01,1552.94
Weekly,18/09/2009,78.81,1571.51
Weekly,25/09/2009,75.03,1542.95
Weekly,02/10/2009,70.49,1496.75
Weekly,09/10/2009,77.43,1563.81
Weekly,16/10/2009,79.89,1586.15
Weekly,23/10/2009,79.86,1593.8
Weekly,30/10/2009,71.92,1532.74
Weekly,06/11/2009,76.34,1553.06
Weekly,13/11/2009,79.98,1587.96
Weekly,20/11/2009,76.9,1556.43
Weekly,27/11/2009,76.46,1553.26
Weekly,04/12/2009,80.72,1600.7
Weekly,11/12/2009,77.09,1563.32
Weekly,18/12/2009,75.16,1535.58
Weekly,25/12/2009,78.87,1572.84
Weekly,01/01/2010,77.99,1580.77
Weekly,08/01/2010,83.76,1617.66
Weekly,15/01/2010,83.32,1626.76
Weekly,22/01/2010,74.2,1565.9
Weekly,29/01/2010,70.2,1510.61
Weekly,05/02/2010,66.37,1451.53
Weekly,12/02/2010,68.12,1465.74
Weekly,19/02/2010,71.34,1490.05
Weekly,26/02/2010,70.61,1497.34
Weekly,05/03/2010,77.07,1544.99
Weekly,12/03/2010,79.12,1574.25
Weekly,19/03/2010,78.26,1572.09
Weekly,26/03/2010,78.55,1572.26
Weekly,02/04/2010,82.67,1604.42
Weekly,09/04/2010,83.3,1609.68
Weekly,16/04/2010,81.91,1612.57
Weekly,23/04/2010,81.03,1580.98
Weekly,30/04/2010,74.89,1551.03
Weekly,07/05/2010,60.87,1391.29
Weekly,14/05/2010,62.47,1417.82
Weekly,21/05/2010,58.98,1354.83
Weekly,28/05/2010,58.02,1367.03
Weekly,04/06/2010,54.37,1345.97
Weekly,11/06/2010,59.16,1362.6
Weekly,18/06/2010,63.25,1419.16
Weekly,25/06/2010,60.95,1382.04
Weekly,02/07/2010,56.52,1347.38
Weekly,09/07/2010,63.76,1414.96
Weekly,16/07/2010,62.42,1432.15
Weekly,23/07/2010,67.45,1453.44
Weekly,30/07/2010,68.28,1474.91
Weekly,06/08/2010,73.13,1522.43
Weekly,13/08/2010,64.86,1449.89
Weekly,20/08/2010,63.77,1430.88
Weekly,27/08/2010,64.23,1427.76
Weekly,03/09/2010,69.1,1484.97
Weekly,10/09/2010,70,1498.49
Weekly,17/09/2010,72.18,1522.54
Weekly,24/09/2010,76.86,1564.68
Weekly,01/10/2010,77.01,1567.83
Weekly,08/10/2010,80.88,1610.6
Weekly,15/10/2010,82.6,1631.22
Weekly,22/10/2010,81.56,1623.69
Weekly,29/10/2010,80.94,1616.41
Weekly,05/11/2010,87.16,1671.56
Weekly,12/11/2010,82.01,1631.09
Weekly,19/11/2010,82.82,1625.79
Weekly,26/11/2010,76.1,1569.5
Weekly,03/12/2010,81.48,1617.47
Weekly,10/12/2010,82.07,1623.18
Weekly,17/12/2010,81.84,1621.56
Weekly,24/12/2010,83.79,1647.15
Weekly,31/12/2010,85.23,1658.3
Weekly,07/01/2011,82.68,1644.57
Weekly,14/01/2011,88.7,1688.94
Weekly,21/01/2011,88.03,1688.58
Weekly,28/01/2011,87.02,1694.83
Weekly,04/02/2011,92.51,1723.5
Weekly,11/02/2011,92.58,1723.88
Weekly,18/02/2011,95.85,1758.97
Weekly,25/02/2011,93.04,1731.57
Weekly,04/03/2011,93.54,1745.76
Weekly,11/03/2011,87.73,1686.08
Weekly,18/03/2011,83.26,1640.99
Weekly,25/03/2011,87.46,1696.89
Weekly,01/04/2011,91.18,1709.08
Weekly,08/04/2011,93.02,1740.76
Weekly,15/04/2011,91.97,1721.6
Weekly,22/04/2011,95.24,1756.45
Weekly,29/04/2011,99.48,1797.52
Weekly,06/05/2011,93.66,1755.85
Weekly,13/05/2011,90.57,1718.07
Weekly,20/05/2011,89.97,1702.63
Weekly,27/05/2011,90.98,1708.5
Weekly,03/06/2011,91.22,1704.72
Weekly,10/06/2011,85.71,1662.91
Weekly,17/06/2011,84.3,1646.73
Weekly,24/06/2011,82.88,1633.62
Weekly,01/07/2011,93.84,1716.47
Weekly,08/07/2011,90.79,1707.35
Weekly,15/07/2011,85.72,1661.14
Weekly,22/07/2011,91.7,1717.06
Weekly,29/07/2011,86.91,1679.84
Weekly,05/08/2011,72.46,1513.23
Weekly,12/08/2011,69.14,1498.56
Weekly,19/08/2011,61.94,1446.14
Weekly,26/08/2011,65.62,1455.41
Weekly,02/09/2011,65.52,1488.02
Weekly,09/09/2011,58.03,1405.87
Weekly,16/09/2011,63.04,1436.62
Weekly,23/09/2011,54.11,1338.48
Weekly,30/09/2011,55.23,1373.33
Weekly,07/10/2011,57.96,1400.85
Weekly,14/10/2011,65.5,1463.69
Weekly,21/10/2011,65.32,1468.8
Weekly,28/10/2011,73.05,1560.85
Weekly,04/11/2011,63.96,1466.29
Weekly,11/11/2011,63.69,1460.88
Weekly,18/11/2011,57.85,1400.49
Weekly,25/11/2011,51.05,1321.23
Weekly,02/12/2011,60.85,1441.07
Weekly,09/12/2011,61.23,1428.19
Weekly,16/12/2011,54.86,1370.78
Weekly,23/12/2011,58.79,1401.6
Weekly,30/12/2011,58.8,1412.55
Weekly,06/01/2012,57.82,1406.71
Weekly,13/01/2012,58.86,1415.22
Weekly,20/01/2012,64.44,1472.05
Weekly,27/01/2012,65.81,1495.58
Weekly,03/02/2012,69.35,1529.46
Weekly,10/02/2012,67.68,1524.97
Weekly,17/02/2012,70.81,1548.44
Weekly,24/02/2012,72.43,1573.82
Weekly,02/03/2012,71.36,1561.54
Weekly,09/03/2012,70.19,1544.13
Weekly,16/03/2012,73.06,1581
Weekly,23/03/2012,71.17,1556.76
Weekly,30/03/2012,71.43,1553.46
Weekly,06/04/2012,66.54,1506.03
Weekly,13/04/2012,64.74,1488.02
Weekly,20/04/2012,67.42,1511.15
Weekly,27/04/2012,68.95,1521.38
Weekly,04/05/2012,64.41,1483.87
Weekly,11/05/2012,61.68,1444.52
Weekly,18/05/2012,54.51,1356.9
Weekly,25/05/2012,54.39,1350.38
Weekly,01/06/2012,50.86,1312.34
Weekly,08/06/2012,55.17,1344.48
Weekly,15/06/2012,57.34,1375.59
Weekly,22/06/2012,57.59,1379.85
Weekly,29/06/2012,61,1423.38
Weekly,06/07/2012,59.69,1413.83
Weekly,13/07/2012,59.41,1402.86
Weekly,20/07/2012,58.95,1408.83
Weekly,27/07/2012,61.77,1426.25
Weekly,03/08/2012,63.14,1447.88
Weekly,10/08/2012,65.31,1474.23
Weekly,17/08/2012,66.37,1486.39
Weekly,24/08/2012,65.84,1484.79
Weekly,31/08/2012,64.54,1472.51
Weekly,07/09/2012,68.69,1514
Weekly,14/09/2012,73.59,1569.91
Weekly,21/09/2012,71.89,1556.06
Weekly,28/09/2012,67.87,1510.76
Weekly,05/10/2012,70.79,1544.98
Weekly,12/10/2012,68.23,1512.69
Weekly,19/10/2012,70.6,1550.49
Weekly,26/10/2012,69.25,1521.02
Weekly,02/11/2012,69.35,1530.97
Weekly,09/11/2012,67.1,1498.43
Weekly,16/11/2012,65.27,1467.33
Weekly,23/11/2012,71.48,1537.31
Weekly,30/11/2012,72.9,1555.73
Weekly,07/12/2012,73.94,1568.05
Weekly,14/12/2012,75.44,1586.21
Weekly,21/12/2012,78.33,1606.33
Weekly,28/12/2012,76.9,1605.82
Weekly,04/01/2013,80.89,1633.07
Weekly,11/01/2013,82.45,1655.98
Weekly,18/01/2013,82.73,1654.54
Weekly,25/01/2013,85.22,1679.88
Weekly,01/02/2013,86.29,1697.38
Weekly,08/02/2013,83.68,1672.67
Weekly,15/02/2013,83.3,1663.46
Weekly,22/02/2013,83.43,1659.78
Weekly,01/03/2013,82.26,1654.34
Weekly,08/03/2013,85.86,1683.2
Weekly,15/03/2013,87.34,1713.66
Weekly,22/03/2013,85.75,1686.72
Weekly,29/03/2013,84.61,1674.3
Weekly,05/04/2013,83.96,1660.8
Weekly,12/04/2013,88.66,1715.09
Weekly,19/04/2013,84.73,1671.23
Weekly,26/04/2013,90.48,1729.64
Weekly,03/05/2013,94.79,1749.86
Weekly,10/05/2013,95.17,1758.89
Weekly,17/05/2013,96.22,1763.95
Weekly,24/05/2013,91.33,1733.46
Weekly,31/05/2013,87.25,1702.25
Weekly,07/06/2013,87.81,1682.78
Weekly,14/06/2013,86.3,1689.43
Weekly,21/06/2013,80.9,1625.85
Weekly,28/06/2013,82.44,1638.94
Weekly,05/07/2013,83.72,1648.01
Weekly,12/07/2013,89.44,1711.14
Weekly,19/07/2013,92,1733.47
Weekly,26/07/2013,92.36,1738.76
Weekly,02/08/2013,94.96,1763.27
Weekly,09/08/2013,95.45,1768.14
Weekly,16/08/2013,94.99,1765.47
Weekly,23/08/2013,94.52,1754.53
Weekly,30/08/2013,87.2,1697.34
Weekly,06/09/2013,93.01,1744.1
Weekly,13/09/2013,98.12,1786.5
Weekly,20/09/2013,102.55,1836.59
Weekly,27/09/2013,102.45,1835.85
Weekly,04/10/2013,101.17,1816.7
Weekly,11/10/2013,102.89,1827.93
Weekly,18/10/2013,107.93,1878.47
Weekly,25/10/2013,109.14,1886.29
Weekly,01/11/2013,106.12,1858.53
Weekly,08/11/2013,104.97,1844.62
Weekly,15/11/2013,108.48,1874.48
Weekly,22/11/2013,107.88,1873.54
Weekly,29/11/2013,108.14,1888.91
Weekly,06/12/2013,105.24,1847.54
Weekly,13/12/2013,101.05,1818.48
Weekly,20/12/2013,106.02,1864.94
Weekly,27/12/2013,110.88,1908
Weekly,03/01/2014,108.85,1898.6
Weekly,10/01/2014,111.6,1910.51
Weekly,17/01/2014,111.52,1919.9
Weekly,24/01/2014,104.96,1881.51
Weekly,31/01/2014,100.9,1837.64
Weekly,07/02/2014,105.57,1851.35
Weekly,14/02/2014,109.99,1896.46
Weekly,21/02/2014,111.53,1924.84
Weekly,28/02/2014,113.08,1935.88
Weekly,07/03/2014,113.63,1927.45
Weekly,14/03/2014,105.17,1867.14
Weekly,21/03/2014,105.23,1868.31
Weekly,28/03/2014,110.73,1904.13
Weekly,04/04/2014,112.34,1932.01
Weekly,11/04/2014,108.59,1896.21
Weekly,18/04/2014,112.69,1916.29
Weekly,25/04/2014,112.2,1920.47
Weekly,02/05/2014,115.5,1941.23
Weekly,09/05/2014,114.85,1931.84
Weekly,16/05/2014,115.72,1933.3
Weekly,23/05/2014,116.44,1938.56
Weekly,30/05/2014,118.74,1956.61
Weekly,06/06/2014,121.47,1973.22
Weekly,13/06/2014,119.69,1967.38
Weekly,20/06/2014,122.5,1983.81
Weekly,27/06/2014,120.58,1966.2
Weekly,04/07/2014,123.79,1993.2
Weekly,11/07/2014,117.43,1945.31
Weekly,18/07/2014,118.79,1951.72
Weekly,25/07/2014,118.99,1960
Weekly,01/08/2014,112.68,1918.14
Weekly,08/08/2014,109.63,1870.16
Weekly,15/08/2014,112.46,1900.52
Weekly,22/08/2014,113.58,1913.58
Weekly,29/08/2014,114.34,1924.62
Weekly,05/09/2014,115.27,1925.58
Weekly,12/09/2014,111.8,1900.57
Weekly,19/09/2014,111.53,1901
Weekly,26/09/2014,107.39,1856.03
Weekly,03/10/2014,100.53,1792.34
Weekly,10/10/2014,93.06,1748.97
Weekly,17/10/2014,93.78,1737.51
Weekly,24/10/2014,98.7,1778.62
Weekly,31/10/2014,104.14,1818.35
Weekly,07/11/2014,100.54,1798.65
Weekly,14/11/2014,102.13,1813.19
Weekly,21/11/2014,103.43,1831.2
Weekly,28/11/2014,104.07,1839.73
Weekly,05/12/2014,103.95,1832.11
Weekly,12/12/2014,94.45,1767.09
Weekly,19/12/2014,98.37,1782.04
Weekly,26/12/2014,100.07,1789.92
Weekly,02/01/2015,94.58,1762.42
Weekly,09/01/2015,91.53,1729.52
Weekly,16/01/2015,95.06,1741.9
Weekly,23/01/2015,96.81,1787.71
Weekly,30/01/2015,96.24,1782.7
Weekly,06/02/2015,100.2,1812.12
Weekly,13/02/2015,104.43,1839.35
Weekly,20/02/2015,108.37,1866.73
Weekly,27/02/2015,108.47,1886.26
Weekly,06/03/2015,104.25,1848.59
Weekly,13/03/2015,101.8,1815.84
Weekly,20/03/2015,110.12,1887.31
Weekly,27/03/2015,108.32,1869.83
Weekly,03/04/2015,108.41,1872.87
Weekly,10/04/2015,111.95,1901.28
Weekly,17/04/2015,110.92,1896.06
Weekly,24/04/2015,115.73,1931.94
Weekly,01/05/2015,114.85,1913.01
Weekly,08/05/2015,116.46,1925.44
Weekly,15/05/2015,119.02,1949.49
Weekly,22/05/2015,117.45,1935.25
Weekly,29/05/2015,112.77,1898.98
Weekly,05/06/2015,109.45,1865.8
Weekly,12/06/2015,111.12,1890.67
Weekly,19/06/2015,110.62,1882.91
Weekly,26/06/2015,113.2,1898.82
Weekly,03/07/2015,107.07,1848.42
Weekly,10/07/2015,107.86,1851.94
Weekly,17/07/2015,111.16,1889.53
Weekly,24/07/2015,106.38,1861.03
Weekly,31/07/2015,109.3,1879.75
Weekly,07/08/2015,108.68,1868.64
Weekly,14/08/2015,106.57,1840.94
Weekly,21/08/2015,93.25,1756.65
Weekly,28/08/2015,94.6,1747.84
Weekly,04/09/2015,85.78,1671.12
Weekly,11/09/2015,91.24,1704.82
Weekly,18/09/2015,89.24,1713.96
Weekly,25/09/2015,85.08,1660.74
Weekly,02/10/2015,88.01,1668.87
Weekly,09/10/2015,95.81,1758.17
Weekly,16/10/2015,96.41,1763.18
Weekly,23/10/2015,98.89,1777.37
Weekly,30/10/2015,95.84,1771.66
Weekly,06/11/2015,95.27,1743.48
Weekly,13/11/2015,90.13,1712.18
Weekly,20/11/2015,95.1,1754.65
Weekly,27/11/2015,94.35,1746.06
Weekly,04/12/2015,94.76,1731.7
Weekly,11/12/2015,86.55,1690.15
Weekly,18/12/2015,87.13,1687.21
Weekly,25/12/2015,91.8,1719.66
Weekly,01/01/2016,89.66,1716.28
Weekly,08/01/2016,78.26,1610.75
Weekly,15/01/2016,73.29,1565.24
Weekly,22/01/2016,76.65,1568.31
Weekly,29/01/2016,79.4,1591.46
Weekly,05/02/2016,74.62,1566.75
Weekly,12/02/2016,70.35,1492.43
Weekly,19/02/2016,74.74,1557.03
Weekly,26/02/2016,74.76,1558.08
Weekly,04/03/2016,81.47,1628.83
Weekly,11/03/2016,84.21,1644.94
Weekly,18/03/2016,84.7,1660.5
Weekly,25/03/2016,81.31,1623.43
Weekly,01/04/2016,81.85,1616.23
Weekly,08/04/2016,81.48,1625.36
Weekly,15/04/2016,86.81,1682.11
Weekly,22/04/2016,90.41,1703.27
Weekly,29/04/2016,87.02,1693.18
Weekly,06/05/2016,83.86,1639.22
Weekly,13/05/2016,82.61,1631.71
Weekly,20/05/2016,83.51,1634.29
Weekly,27/05/2016,87.47,1668.76
Weekly,03/06/2016,87.59,1670.89
Weekly,10/06/2016,82.88,1640.92
Weekly,17/06/2016,80.82,1595.33
Weekly,24/06/2016,75.28,1567.26
Weekly,01/07/2016,81.28,1620.63
Weekly,08/07/2016,79.53,1592.1
Weekly,15/07/2016,84.44,1650.14
Weekly,22/07/2016,84.75,1650.2
Weekly,29/07/2016,87.59,1689.12
Weekly,05/08/2016,86.77,1665.32
Weekly,12/08/2016,89.84,1710.73
Weekly,19/08/2016,89.78,1699.76
Weekly,26/08/2016,88.47,1702.43
Weekly,02/09/2016,91.64,1709.97
Weekly,09/09/2016,88.84,1707.27
Weekly,16/09/2016,85.63,1664.77
Weekly,23/09/2016,90.91,1716.74
Weekly,30/09/2016,90.46,1701.69
Weekly,07/10/2016,88.75,1688.4
Weekly,14/10/2016,85.97,1664.72
Weekly,21/10/2016,87.5,1672.45
Weekly,28/10/2016,86.27,1665.62
Weekly,04/11/2016,82.63,1639.26
Weekly,11/11/2016,83.99,1640.05
Weekly,18/11/2016,81.46,1614.17
Weekly,25/11/2016,83.14,1634.44
Weekly,02/12/2016,82.88,1630.61
Weekly,09/12/2016,88.79,1677.89
Weekly,16/12/2016,86.96,1668.6
Weekly,23/12/2016,87.36,1674.56
Weekly,30/12/2016,87.48,1684
Weekly,06/01/2017,91.47,1713.87
Weekly,13/01/2017,93.1,1727.83
Weekly,20/01/2017,92.44,1719.58
Weekly,27/01/2017,94.2,1741.72
Weekly,03/02/2017,94.69,1741.84
Weekly,10/02/2017,94.65,1741.28
Weekly,17/02/2017,95.74,1754.94
Weekly,24/02/2017,95.35,1750.52
Weekly,03/03/2017,97.01,1757.25
Weekly,10/03/2017,97.34,1763.9
Weekly,17/03/2017,101.07,1798.96
Weekly,24/03/2017,100.73,1797.68
Weekly,31/03/2017,101.17,1792.98
Weekly,07/04/2017,99.61,1780.11
Weekly,14/04/2017,98.81,1777.63
Weekly,21/04/2017,99.96,1780.77
Weekly,28/04/2017,105.83,1833.7
Weekly,05/05/2017,111.77,1864.91
Weekly,12/05/2017,110.51,1867.96
Weekly,19/05/2017,113.39,1882.75
Weekly,26/05/2017,113.12,1885.37
Weekly,02/06/2017,117.09,1916.37
Weekly,09/06/2017,113.87,1892.97
Weekly,16/06/2017,114.06,1892.93
Weekly,23/06/2017,113.33,1889.22
Weekly,30/06/2017,113.45,1883.19
Weekly,07/07/2017,112.15,1874.1
Weekly,14/07/2017,117.24,1918.74
Weekly,21/07/2017,117.98,1927.65
Weekly,28/07/2017,118.76,1931.73
Weekly,04/08/2017,121.08,1947.62
Weekly,11/08/2017,115.62,1916.65
Weekly,18/08/2017,116.38,1916.68
Weekly,25/08/2017,118.28,1927.8
Weekly,01/09/2017,119.06,1938.37
Weekly,08/09/2017,120.84,1953.56
Weekly,15/09/2017,122.74,1964.3
Weekly,22/09/2017,123.85,1977.61
Weekly,29/09/2017,124.1,1973.81
Weekly,06/10/2017,123.84,1972.37
Weekly,13/10/2017,127.92,2004.05
Weekly,20/10/2017,127.01,1997.73
Weekly,27/10/2017,126.35,1990.66
Weekly,03/11/2017,128.54,2008.53
Weekly,10/11/2017,126.54,1999.57
Weekly,17/11/2017,125.06,1986.15
Weekly,24/11/2017,130.21,2022.85
Weekly,01/12/2017,128.23,2003.72
Weekly,08/12/2017,128.17,2005.31
Weekly,15/12/2017,128.55,2007.97
Weekly,22/12/2017,131.69,2032.69
Weekly,29/12/2017,132.35,2050.79
Monthly,30/06/2009,54.26,1307.16
Monthly,31/07/2009,65.28,1425.4
Monthly,31/08/2009,70.71,1498.97
Monthly,30/09/2009,76.18,1552.84
Monthly,30/10/2009,71.92,1532.74
Monthly,30/11/2009,77.14,1559.57
Monthly,31/12/2009,77.99,1580.77
Monthly,29/01/2010,70.2,1510.61
Monthly,26/02/2010,70.61,1497.34
Monthly,31/03/2010,79.96,1584.28
Monthly,30/04/2010,74.89,1551.03
Monthly,31/05/2010,58.02,1363.93
Monthly,30/06/2010,55.15,1348.11
Monthly,30/07/2010,68.28,1474.91
Monthly,31/08/2010,62.76,1425.72
Monthly,30/09/2010,75.47,1561.01
Monthly,29/10/2010,80.94,1616.41
Monthly,30/11/2010,72.86,1535.13
Monthly,31/12/2010,85.23,1658.3
Monthly,31/01/2011,88.52,1696.38
Monthly,28/02/2011,94.59,1749.01
Monthly,31/03/2011,89.51,1702.55
Monthly,29/04/2011,99.48,1797.52
Monthly,31/05/2011,94.74,1732.84
Monthly,30/06/2011,91.83,1708.08
Monthly,29/07/2011,86.91,1679.84
Monthly,31/08/2011,70.46,1523.58
Monthly,30/09/2011,55.23,1373.33
Monthly,31/10/2011,65.53,1505
Monthly,30/11/2011,61.97,1427.27
Monthly,30/12/2011,58.8,1412.55
Monthly,31/01/2012,64.91,1486.74
Monthly,29/02/2012,71.22,1567.67
Monthly,30/03/2012,71.43,1553.46
Monthly,30/04/2012,68.15,1516.21
Monthly,31/05/2012,53.57,1332.89
Monthly,29/06/2012,61,1423.38
Monthly,31/07/2012,60.8,1438.57
Monthly,31/08/2012,64.54,1472.51
Monthly,28/09/2012,67.87,1510.76
Monthly,31/10/2012,69.13,1522.23
Monthly,30/11/2012,72.9,1555.73
Monthly,31/12/2012,79.11,1604
Monthly,31/01/2013,85.05,1687.33
Monthly,28/02/2013,82.49,1667.8
Monthly,29/03/2013,84.61,1674.3
Monthly,30/04/2013,92.99,1753.61
Monthly,31/05/2013,87.25,1702.25
Monthly,28/06/2013,82.44,1638.94
Monthly,31/07/2013,91.03,1724.75
Monthly,30/08/2013,87.2,1697.34
Monthly,30/09/2013,101,1818.23
Monthly,31/10/2013,107.17,1878.39
Monthly,29/11/2013,108.14,1888.91
Monthly,31/12/2013,112.5,1915.6
Monthly,31/01/2014,100.9,1837.64
Monthly,28/02/2014,113.08,1935.88
Monthly,31/03/2014,111.74,1915.69
Monthly,30/04/2014,115.25,1936.67
Monthly,30/05/2014,118.74,1956.61
Monthly,30/06/2014,120.71,1972.12
Monthly,31/07/2014,114.2,1932.66
Monthly,29/08/2014,114.34,1924.62
Monthly,30/09/2014,105.22,1846.08
Monthly,31/10/2014,104.14,1818.35
Monthly,28/11/2014,104.07,1839.73
Monthly,31/12/2014,95.4,1774.89
Monthly,30/01/2015,96.24,1782.7
Monthly,27/02/2015,108.47,1886.26
Monthly,31/03/2015,105.07,1849.34
Monthly,30/04/2015,112.65,1918.4
Monthly,29/05/2015,112.77,1898.98
Monthly,30/06/2015,105.45,1842.46
Monthly,31/07/2015,109.3,1879.75
Monthly,31/08/2015,93.18,1736.81
Monthly,30/09/2015,84.6,1644.4
Monthly,30/10/2015,95.84,1771.66
Monthly,30/11/2015,94.22,1741.01
Monthly,31/12/2015,89.66,1716.28
Monthly,29/01/2016,79.4,1591.46
Monthly,29/02/2016,73.78,1558.17
Monthly,31/03/2016,83.52,1652.04
Monthly,29/04/2016,87.02,1693.18
Monthly,31/05/2016,86.63,1667.84
Monthly,30/06/2016,81.25,1608.45
Monthly,29/07/2016,87.59,1689.12
Monthly,31/08/2016,88.37,1685.57
Monthly,30/09/2016,90.46,1701.69
Monthly,31/10/2016,86.36,1665.72
Monthly,30/11/2016,83.12,1629.67
Monthly,30/12/2016,87.48,1684
Monthly,31/01/2017,93.12,1732.38
Monthly,28/02/2017,95.18,1753.09
Monthly,31/03/2017,101.17,1792.98
Monthly,28/04/2017,105.83,1833.7
Monthly,31/05/2017,113.12,1890.06
Monthly,30/06/2017,113.45,1883.19
Monthly,31/07/2017,119.25,1936.91
Monthly,31/08/2017,118.75,1930.82
Monthly,29/09/2017,124.1,1973.81
Monthly,31/10/2017,127.97,2002.54
Monthly,30/11/2017,129.28,2020.13
Monthly,29/12/2017,132.35,2050.79
Quarterly,30/06/2009,54.26,1307.16
Quarterly,30/09/2009,76.18,1552.84
Quarterly,31/12/2009,77.99,1580.77
Quarterly,31/03/2010,79.96,1584.28
Quarterly,30/06/2010,55.15,1348.11
Quarterly,30/09/2010,75.47,1561.01
Quarterly,31/12/2010,85.23,1658.3
Quarterly,31/03/2011,89.51,1702.55
Quarterly,30/06/2011,91.83,1708.08
Quarterly,30/09/2011,55.23,1373.33
Quarterly,30/12/2011,58.8,1412.55
Quarterly,30/03/2012,71.43,1553.46
Quarterly,29/06/2012,61,1423.38
Quarterly,28/09/2012,67.87,1510.76
Quarterly,31/12/2012,79.11,1604
Quarterly,29/03/2013,84.61,1674.3
Quarterly,28/06/2013,82.44,1638.94
Quarterly,30/09/2013,101,1818.23
Quarterly,31/12/2013,112.5,1915.6
Quarterly,31/03/2014,111.74,1915.69
Quarterly,30/06/2014,120.71,1972.12
Quarterly,30/09/2014,105.22,1846.08
Quarterly,31/12/2014,95.4,1774.89
Quarterly,31/03/2015,105.07,1849.34
Quarterly,30/06/2015,105.45,1842.46
Quarterly,30/09/2015,84.6,1644.4
Quarterly,31/12/2015,89.66,1716.28
Quarterly,31/03/2016,83.52,1652.04
Quarterly,30/06/2016,81.25,1608.45
Quarterly,30/09/2016,90.46,1701.69
Quarterly,30/12/2016,87.48,1684
Quarterly,31/03/2017,101.17,1792.98
Quarterly,30/06/2017,113.45,1883.19
Quarterly,29/09/2017,124.1,1973.81
Quarterly,29/12/2017,132.35,2050.79
Yearly,31/12/2009,77.99,1580.77
Yearly,31/12/2010,85.23,1658.3
Yearly,30/12/2011,58.8,1412.55
Yearly,31/12/2012,79.11,1604
Yearly,31/12/2013,112.5,1915.6
Yearly,31/12/2014,95.4,1774.89
Yearly,31/12/2015,89.66,1716.28
Yearly,30/12/2016,87.48,1684
Yearly,29/12/2017,132.35,2050.79
